EXAMPLE_ID,RANK_1,RANK_2,RANK_3,RANK_4,RANK_5
valid_0001,DEPOSIT METAL SEED,DEPOSIT TUNGSTEN SEED,FIELD PATTERN INSPECTION,ELECTRICAL PARAMETRIC TEST,DEPOSIT PASSIVATION
valid_0002,CLEAN PAD OPENING,BACKSIDE ETCH CLEAN,DEPOSIT BACKSIDE PROTECTION,BACKSIDE ANNEAL,IMPLANT DRAIN / CATHODE REGION
valid_0003,MEASURE VIA CD,DEPOSIT BARRIER METAL,DEVELOP PHOTORESIST,OXIDE ETCH,PARAMETRIC TEST
valid_0004,PASSIVATION ETCH PAD OPENING,PASSIVATION ETCH,VIA INSPECTION,VIA OPENING INSPECTION,CMP VIA FILL
valid_0005,MEASURE VIA CD,DEPOSIT BARRIER METAL,OXIDE ETCH,DEVELOP PHOTORESIST,PARAMETRIC TEST
valid_0006,PASSIVATION ETCH,PASSIVATION ETCH PAD OPENING,MEASURE DIELECTRIC THICKNESS,PRE CLEAN WAFER,CLEAN PAD OPENING
valid_0007,MEASURE VIA CD,DEPOSIT BARRIER METAL,DEVELOP PHOTORESIST,OXIDE ETCH,OXIDE ETCH DRY
valid_0008,PASSIVATION ETCH,PASSIVATION ETCH PAD OPENING,PRE CLEAN WAFER,VIA INSPECTION,VIA OPENING INSPECTION
valid_0009,MEASURE VIA CD,DEPOSIT BARRIER METAL,DEVELOP PHOTORESIST,OXIDE ETCH,PARAMETRIC TEST
valid_0010,STRIP PHOTORESIST,STRIP RESIST,STRIP RESIST LEVEL 2,BACKSIDE CLEAN,PARAMETRIC TEST
valid_0011,MEASURE VIA CD,DEPOSIT BARRIER METAL,DEVELOP PHOTORESIST,OXIDE ETCH,POST EXPOSE BAKE
valid_0012,PASSIVATION ETCH,PASSIVATION ETCH PAD OPENING,VIA INSPECTION,VIA OPENING INSPECTION,PRE CLEAN WAFER
valid_0013,MEASURE VIA CD,DEPOSIT BARRIER METAL,OXIDE ETCH,DEVELOP PHOTORESIST,PARAMETRIC TEST
valid_0014,STRIP PHOTORESIST,STRIP RESIST,STRIP RESIST LEVEL 2,BACKSIDE CLEAN,PARAMETRIC TEST
valid_0015,MEASURE VIA CD,DEPOSIT BARRIER METAL,DEVELOP PHOTORESIST,OXIDE ETCH,POST EXPOSE BAKE
valid_0016,STRIP PHOTORESIST,STRIP RESIST,STRIP RESIST LEVEL 2,BACKSIDE CLEAN,PARAMETRIC TEST
valid_0017,CLEAN AFTER VIA ETCH,VIA OPENING INSPECTION,VIA INSPECTION,CLEAN AFTER METAL ETCH,CLEAN AFTER OXIDE ETCH
valid_0018,PASSIVATION ETCH,PASSIVATION ETCH PAD OPENING,VIA INSPECTION,PRE CLEAN WAFER,VIA OPENING INSPECTION
valid_0019,DEPOSIT BARRIER METAL,MEASURE VIA CD,MEASURE GATE CD,SWITCHING TEST,DEVELOP PHOTORESIST
valid_0020,STRIP PHOTORESIST,STRIP RESIST,STRIP RESIST LEVEL 2,PARAMETRIC TEST,BACKSIDE CLEAN
valid_0021,CLEAN AFTER VIA ETCH,VIA OPENING INSPECTION,VIA INSPECTION,MEASURE OXIDE THICKNESS,CLEAN AFTER METAL ETCH
valid_0022,DEVELOP PAD WINDOW,DEVELOP PHOTORESIST,POST EXPOSE BAKE,MEASURE SHEET RESISTANCE,PAD WINDOW LITHO
valid_0023,CLEAN AFTER VIA ETCH,VIA INSPECTION,VIA OPENING INSPECTION,CLEAN AFTER OXIDE ETCH,RAPID THERMAL ANNEAL
valid_0024,PASSIVATION ETCH PAD OPENING,PASSIVATION ETCH,MEASURE DIELECTRIC THICKNESS,CLEAN PAD OPENING,ALIGN MASK LEVEL 6
valid_0025,CLEAN AFTER VIA ETCH,VIA INSPECTION,VIA OPENING INSPECTION,CLEAN AFTER METAL ETCH,RAPID THERMAL ANNEAL
valid_0026,DEVELOP PHOTORESIST,DEVELOP PAD WINDOW,POST EXPOSE BAKE,MEASURE SHEET RESISTANCE,RAPID THERMAL ANNEAL
valid_0027,STRIP RESIST,STRIP PHOTORESIST,STRIP RESIST LEVEL 2,BACKSIDE CLEAN,PARAMETRIC TEST
valid_0028,OPEN PAD WINDOW LITHO,PAD WINDOW LITHO,DEVELOP PAD WINDOW,DEPOSIT GATE OXIDE OR DIELECTRIC,FINAL PARTICLE INSPECTION
valid_0029,STRIP PHOTORESIST,STRIP RESIST,STRIP RESIST LEVEL 2,BACKSIDE CLEAN,PARAMETRIC TEST
valid_0030,DEVELOP PHOTORESIST,DEVELOP PAD WINDOW,POST EXPOSE BAKE,MEASURE SHEET RESISTANCE,PAD WINDOW LITHO
valid_0031,MEASURE VIA CD,DEPOSIT BARRIER METAL,DEVELOP PHOTORESIST,OXIDE ETCH,PARAMETRIC TEST
valid_0032,STRIP PHOTORESIST,STRIP RESIST,STRIP RESIST LEVEL 2,BACKSIDE CLEAN,PARAMETRIC TEST
valid_0033,FILL VIA METAL,PARAMETRIC TEST,MEASURE WAFER THICKNESS,MEASURE THICKNESS,SWITCHING TEST
valid_0034,STRIP PHOTORESIST,STRIP RESIST,STRIP RESIST LEVEL 2,BACKSIDE CLEAN,PARAMETRIC TEST
valid_0035,DEPOSIT BARRIER METAL,MEASURE VIA CD,DEVELOP PHOTORESIST,IMPLANT N BUFFER,MEASURE GATE CD
valid_0036,CLEAN PAD OPENING,DEPOSIT BACKSIDE PROTECTION,BACKSIDE ETCH CLEAN,BACKSIDE ANNEAL,LEAKAGE TEST
valid_0037,MEASURE VIA CD,DEPOSIT BARRIER METAL,DEVELOP PHOTORESIST,OXIDE ETCH,PARAMETRIC TEST
valid_0038,STRIP PHOTORESIST,STRIP RESIST,STRIP RESIST LEVEL 2,PARAMETRIC TEST,SHIP LOT
valid_0039,CMP METAL,CMP VIA FILL,LIGHT ANNEAL,HARD BAKE,IMPLANT P BODY
valid_0040,MEASURE PAD OPENING,DEPOSIT PAD OXIDE,RAPID THERMAL ANNEAL,FINAL CLEAN,CLEAN AFTER WINDOW ETCH
valid_0041,MEASURE VIA CD,DEPOSIT BARRIER METAL,OXIDE ETCH,THRESHOLD VOLTAGE TEST,DEVELOP PHOTORESIST
valid_0042,DEVELOP PAD WINDOW,DEVELOP PHOTORESIST,POST EXPOSE BAKE,MEASURE SHEET RESISTANCE,PAD WINDOW LITHO
valid_0043,MEASURE VIA CD,DEPOSIT BARRIER METAL,DEVELOP PHOTORESIST,OXIDE ETCH,OXIDE ETCH DRY
valid_0044,PASSIVATION ETCH PAD OPENING,PASSIVATION ETCH,VIA INSPECTION,PRE CLEAN WAFER,MEASURE DIELECTRIC THICKNESS
valid_0045,MEASURE VIA CD,DEPOSIT BARRIER METAL,OXIDE ETCH,DEVELOP PHOTORESIST,PARAMETRIC TEST
valid_0046,PASSIVATION ETCH,PASSIVATION ETCH PAD OPENING,MEASURE DIELECTRIC THICKNESS,CLEAN PAD OPENING,MEASURE OXIDE QUALITY
valid_0047,DEPOSIT METAL SEED,DEPOSIT TUNGSTEN SEED,FIELD PATTERN INSPECTION,THRESHOLD VOLTAGE TEST,DEPOSIT INTERLEVEL DIELECTRIC
valid_0048,STRIP PHOTORESIST,STRIP RESIST,STRIP RESIST LEVEL 2,BACKSIDE CLEAN,PARAMETRIC TEST
valid_0049,DEPOSIT BARRIER METAL,MEASURE VIA CD,MEASURE FILM THICKNESS,DEVELOP PHOTORESIST,IMPLANT N BUFFER
valid_0050,PASSIVATION ETCH PAD OPENING,PASSIVATION ETCH,MEASURE DIELECTRIC THICKNESS,POLYSILICON ETCH,MEASURE OXIDE QUALITY
valid_0051,DEPOSIT BARRIER METAL,MEASURE VIA CD,MEASURE GATE CD,IMPLANT SOURCE DRAIN,SWITCHING TEST
valid_0052,STRIP PHOTORESIST,STRIP RESIST,STRIP RESIST LEVEL 2,PARAMETRIC TEST,BACKSIDE CLEAN
valid_0053,CLEAN AFTER VIA ETCH,VIA INSPECTION,VIA OPENING INSPECTION,CLEAN AFTER METAL ETCH,DEPOSIT INTERLEVEL DIELECTRIC
valid_0054,PASSIVATION ETCH PAD OPENING,PASSIVATION ETCH,MEASURE DIELECTRIC THICKNESS,CLEAN PAD OPENING,ETCH SILICON OR OXIDE WINDOW
valid_0055,DEPOSIT METAL SEED,DEPOSIT TUNGSTEN SEED,DEPOSIT INTERLEVEL DIELECTRIC,THRESHOLD VOLTAGE TEST,MEASURE VIA CD
valid_0056,CLEAN PAD OPENING,BACKSIDE ANNEAL,BACKSIDE ETCH CLEAN,DEPOSIT BACKSIDE PROTECTION,CLEAN AFTER ETCH
valid_0057,STRIP RESIST,STRIP PHOTORESIST,STRIP RESIST LEVEL 2,BACKSIDE CLEAN,PARAMETRIC TEST
valid_0058,STRIP PHOTORESIST,STRIP RESIST,STRIP RESIST LEVEL 2,PARAMETRIC TEST,BACKSIDE CLEAN
valid_0059,MEASURE VIA CD,DEPOSIT BARRIER METAL,OXIDE ETCH,DEVELOP PHOTORESIST,OXIDE ETCH DRY
valid_0060,PASSIVATION ETCH PAD OPENING,PASSIVATION ETCH,MEASURE DIELECTRIC THICKNESS,POLYSILICON ETCH,ETCH SILICON OR OXIDE WINDOW
valid_0061,DEPOSIT BARRIER METAL,MEASURE VIA CD,MEASURE GATE CD,DEVELOP PHOTORESIST,IMPLANT N BUFFER
valid_0062,DEVELOP PHOTORESIST,DEVELOP PAD WINDOW,POST EXPOSE BAKE,SHIP LOT,PAD WINDOW LITHO
valid_0063,STRIP PHOTORESIST,STRIP RESIST,STRIP RESIST LEVEL 2,PARAMETRIC TEST,DEPOSIT PASSIVATION
valid_0064,DEVELOP PHOTORESIST,DEVELOP PAD WINDOW,POST EXPOSE BAKE,MEASURE SHEET RESISTANCE,SHIP LOT
valid_0065,MEASURE VIA CD,DEPOSIT BARRIER METAL,DEVELOP PHOTORESIST,OXIDE ETCH,PARAMETRIC TEST
valid_0066,PASSIVATION ETCH,PASSIVATION ETCH PAD OPENING,ALIGN MASK LEVEL 6,CMP VIA FILL,POLYSILICON ETCH
valid_0067,CLEAN AFTER VIA ETCH,VIA INSPECTION,VIA OPENING INSPECTION,CLEAN AFTER OXIDE ETCH,CLEAN AFTER METAL ETCH
valid_0068,STRIP PHOTORESIST,STRIP RESIST,STRIP RESIST LEVEL 2,PARAMETRIC TEST,BACKSIDE CLEAN
valid_0069,CLEAN AFTER VIA ETCH,VIA OPENING INSPECTION,VIA INSPECTION,CLEAN AFTER OXIDE ETCH,MEASURE OXIDE THICKNESS
valid_0070,PASSIVATION ETCH PAD OPENING,PASSIVATION ETCH,MEASURE DIELECTRIC THICKNESS,PRE CLEAN WAFER,POLYSILICON ETCH
valid_0071,CLEAN AFTER VIA ETCH,CLEAN AFTER METAL ETCH,CLEAN AFTER OXIDE ETCH,VIA INSPECTION,VIA OPENING INSPECTION
valid_0072,PASSIVATION ETCH,PASSIVATION ETCH PAD OPENING,CLEAN PAD OPENING,MEASURE DIELECTRIC THICKNESS,ALIGN MASK LEVEL 6
valid_0073,MEASURE VIA CD,DEPOSIT BARRIER METAL,OXIDE ETCH,DEVELOP PHOTORESIST,PARAMETRIC TEST
valid_0074,STRIP PHOTORESIST,STRIP RESIST,STRIP RESIST LEVEL 2,PARAMETRIC TEST,BACKSIDE CLEAN
valid_0075,MEASURE VIA CD,DEPOSIT BARRIER METAL,OXIDE ETCH,DEVELOP PHOTORESIST,OXIDE ETCH DRY
valid_0076,PASSIVATION ETCH PAD OPENING,PASSIVATION ETCH,MEASURE DIELECTRIC THICKNESS,ETCH SILICON OR OXIDE WINDOW,POLYSILICON ETCH
valid_0077,CLEAN AFTER VIA ETCH,VIA INSPECTION,VIA OPENING INSPECTION,CLEAN AFTER METAL ETCH,CLEAN AFTER OXIDE ETCH
valid_0078,STRIP PHOTORESIST,STRIP RESIST,STRIP RESIST LEVEL 2,PARAMETRIC TEST,BACKSIDE CLEAN
valid_0079,MEASURE VIA CD,DEPOSIT BARRIER METAL,OXIDE ETCH,DEVELOP PHOTORESIST,PARAMETRIC TEST
valid_0080,STRIP PHOTORESIST,STRIP RESIST,STRIP RESIST LEVEL 2,PARAMETRIC TEST,BACKSIDE CLEAN
valid_0081,DEPOSIT BARRIER METAL,MEASURE VIA CD,MEASURE GATE CD,SWITCHING TEST,IMPLANT N BUFFER
valid_0082,STRIP PHOTORESIST,STRIP RESIST,STRIP RESIST LEVEL 2,BACKSIDE CLEAN,PARAMETRIC TEST
valid_0083,STRIP PHOTORESIST,STRIP RESIST,STRIP RESIST LEVEL 2,PARAMETRIC TEST,BACKSIDE CLEAN
valid_0084,PASSIVATION ETCH,PASSIVATION ETCH PAD OPENING,MEASURE DIELECTRIC THICKNESS,POLYSILICON ETCH,ETCH SILICON OR OXIDE WINDOW
valid_0085,MEASURE VIA CD,DEPOSIT BARRIER METAL,OXIDE ETCH,DEVELOP PHOTORESIST,THRESHOLD VOLTAGE TEST
valid_0086,CLEAN PAD OPENING,BACKSIDE GRIND,EPITAXY ANNEAL,DEPOSIT BACKSIDE PROTECTION,INSPECT PATTERN LEVEL 1
valid_0087,HARD BAKE,VIA ETCH THROUGH DIELECTRIC,DIELECTRIC ETCH VIA,VIA ETCH,POLYSILICON ETCH
valid_0088,PAD WINDOW LITHO,OPEN PAD WINDOW LITHO,FINAL PARTICLE INSPECTION,PRE ANNEAL CHECK,DEVELOP PAD WINDOW
valid_0089,CLEAN AFTER VIA ETCH,VIA INSPECTION,VIA OPENING INSPECTION,RAPID THERMAL ANNEAL,CLEAN AFTER OXIDE ETCH
valid_0090,STRIP PHOTORESIST,STRIP RESIST,STRIP RESIST LEVEL 2,PARAMETRIC TEST,BACKSIDE CLEAN
valid_0091,MEASURE VIA CD,DEPOSIT BARRIER METAL,DEVELOP PHOTORESIST,OXIDE ETCH,PARAMETRIC TEST
valid_0092,DEVELOP PHOTORESIST,DEVELOP PAD WINDOW,POST EXPOSE BAKE,DEPOSIT TOP METAL,MEASURE SHEET RESISTANCE
valid_0093,STRIP PHOTORESIST,STRIP RESIST,STRIP RESIST LEVEL 2,BACKSIDE CLEAN,PARAMETRIC TEST
valid_0094,STRIP PHOTORESIST,STRIP RESIST,STRIP RESIST LEVEL 2,BACKSIDE CLEAN,PARAMETRIC TEST
valid_0095,MEASURE VIA CD,DEPOSIT BARRIER METAL,DEVELOP PHOTORESIST,OXIDE ETCH,OXIDE ETCH DRY
valid_0096,STRIP PHOTORESIST,STRIP RESIST,STRIP RESIST LEVEL 2,PARAMETRIC TEST,BACKSIDE CLEAN
valid_0097,CLEAN AFTER VIA ETCH,VIA INSPECTION,VIA OPENING INSPECTION,CLEAN AFTER OXIDE ETCH,CLEAN AFTER METAL ETCH
valid_0098,PASSIVATION ETCH,PASSIVATION ETCH PAD OPENING,MEASURE DIELECTRIC THICKNESS,CLEAN PAD OPENING,PRE CLEAN WAFER
valid_0099,FILL VIA METAL,PARAMETRIC TEST,FINAL PARTICLE INSPECTION,ELECTRICAL PARAMETRIC TEST,MEASURE THICKNESS
valid_0100,CLEAN PAD OPENING,BACKSIDE GRIND,EPITAXY ANNEAL,DEPOSIT BACKSIDE PROTECTION,INSPECT PATTERN LEVEL 1
valid_0101,CLEAN AFTER VIA ETCH,VIA INSPECTION,VIA OPENING INSPECTION,CLEAN AFTER METAL ETCH,DEPOSIT INTERLEVEL DIELECTRIC
valid_0102,STRIP PHOTORESIST,STRIP RESIST,STRIP RESIST LEVEL 2,PARAMETRIC TEST,BACKSIDE CLEAN
valid_0103,DEPOSIT BARRIER METAL,MEASURE VIA CD,MEASURE GATE CD,IMPLANT N BUFFER,SWITCHING TEST
valid_0104,PASSIVATION ETCH,PASSIVATION ETCH PAD OPENING,MEASURE OXIDE QUALITY,CMP VIA FILL,MEASURE DIELECTRIC THICKNESS
valid_0105,DEPOSIT BARRIER METAL,MEASURE VIA CD,MEASURE FILM THICKNESS,IMPLANT N BUFFER,MEASURE GATE CD
valid_0106,STRIP PHOTORESIST,STRIP RESIST,STRIP RESIST LEVEL 2,PARAMETRIC TEST,BACKSIDE CLEAN
valid_0107,DEPOSIT METAL SEED,DEPOSIT TUNGSTEN SEED,FIELD PATTERN INSPECTION,ELECTRICAL PARAMETRIC TEST,VIA INSPECTION
valid_0108,PASSIVATION ETCH PAD OPENING,PASSIVATION ETCH,MEASURE DIELECTRIC THICKNESS,CLEAN PAD OPENING,POLYSILICON ETCH
valid_0109,CLEAN AFTER VIA ETCH,CLEAN AFTER OXIDE ETCH,VIA OPENING INSPECTION,VIA INSPECTION,CLEAN AFTER METAL ETCH
valid_0110,DEVELOP PHOTORESIST,DEVELOP PAD WINDOW,POST EXPOSE BAKE,SHIP LOT,PAD WINDOW LITHO
valid_0111,CLEAN AFTER VIA ETCH,VIA OPENING INSPECTION,VIA INSPECTION,CLEAN AFTER OXIDE ETCH,CLEAN AFTER METAL ETCH
valid_0112,STRIP PHOTORESIST,STRIP RESIST,STRIP RESIST LEVEL 2,BACKSIDE CLEAN,PARAMETRIC TEST
valid_0113,MEASURE VIA CD,DEPOSIT BARRIER METAL,OXIDE ETCH,DEVELOP PHOTORESIST,THRESHOLD VOLTAGE TEST
valid_0114,CLEAN PAD OPENING,DEPOSIT BACKSIDE PROTECTION,BACKSIDE ANNEAL,PARAMETRIC TEST,PASSIVATION ETCH PAD OPENING
valid_0115,MEASURE VIA CD,DEPOSIT BARRIER METAL,DEVELOP PHOTORESIST,OXIDE ETCH,OXIDE ETCH DRY
valid_0116,STRIP PHOTORESIST,STRIP RESIST,STRIP RESIST LEVEL 2,BACKSIDE CLEAN,PARAMETRIC TEST
valid_0117,CLEAN AFTER VIA ETCH,VIA INSPECTION,VIA OPENING INSPECTION,RAPID THERMAL ANNEAL,MEASURE FILM THICKNESS
valid_0118,PASSIVATION ETCH,PASSIVATION ETCH PAD OPENING,MEASURE DIELECTRIC THICKNESS,ETCH SILICON OR OXIDE WINDOW,ANNEAL METAL 1
valid_0119,DEPOSIT BARRIER METAL,MEASURE VIA CD,MEASURE GATE CD,SWITCHING TEST,IMPLANT N BUFFER
valid_0120,CLEAN PAD OPENING,DEPOSIT BACKSIDE PROTECTION,DEVELOP PAD WINDOW,MEASURE SHEET RESISTANCE,SPIN COAT PHOTORESIST
valid_0121,MEASURE VIA CD,DEPOSIT BARRIER METAL,DEVELOP PHOTORESIST,OXIDE ETCH,POST EXPOSE BAKE
valid_0122,PASSIVATION ETCH,PASSIVATION ETCH PAD OPENING,MEASURE DIELECTRIC THICKNESS,ETCH SILICON OR OXIDE WINDOW,POLYSILICON ETCH
valid_0123,FILL VIA METAL,PARAMETRIC TEST,FINAL PARTICLE INSPECTION,SWITCHING TEST,ELECTRICAL PARAMETRIC TEST
valid_0124,CLEAN PAD OPENING,BACKSIDE ETCH CLEAN,BACKSIDE ANNEAL,DEPOSIT BACKSIDE PROTECTION,CLEAN AFTER ETCH
valid_0125,MEASURE VIA CD,DEPOSIT BARRIER METAL,OXIDE ETCH,DEVELOP PHOTORESIST,OXIDE ETCH DRY
valid_0126,STRIP PHOTORESIST,STRIP RESIST,STRIP RESIST LEVEL 2,PARAMETRIC TEST,BACKSIDE CLEAN
valid_0127,CLEAN AFTER VIA ETCH,VIA OPENING INSPECTION,VIA INSPECTION,CLEAN AFTER OXIDE ETCH,MEASURE OXIDE THICKNESS
valid_0128,STRIP PHOTORESIST,STRIP RESIST,STRIP RESIST LEVEL 2,PARAMETRIC TEST,BACKSIDE CLEAN
valid_0129,HARD BAKE,VIA ETCH THROUGH DIELECTRIC,DIELECTRIC ETCH VIA,VIA ETCH,OXIDE ETCH
valid_0130,DEVELOP PHOTORESIST,DEVELOP PAD WINDOW,POST EXPOSE BAKE,MEASURE SHEET RESISTANCE,RAPID THERMAL ANNEAL
valid_0131,DEPOSIT METAL SEED,DEPOSIT TUNGSTEN SEED,ELECTRICAL PARAMETRIC TEST,MEASURE VIA CD,PARAMETRIC TEST
valid_0132,CLEAN PAD OPENING,PASSIVATION ETCH PAD OPENING,PASSIVATION ETCH,LEAKAGE TEST,BACKSIDE ANNEAL
valid_0133,DEPOSIT METAL SEED,DEPOSIT TUNGSTEN SEED,FIELD PATTERN INSPECTION,THRESHOLD VOLTAGE TEST,ANNEAL DIELECTRIC
valid_0134,CLEAN PAD OPENING,PASSIVATION ETCH PAD OPENING,PASSIVATION ETCH,DEPOSIT BACKSIDE PROTECTION,BACKSIDE ANNEAL
valid_0135,DEPOSIT METAL SEED,DEPOSIT TUNGSTEN SEED,FIELD PATTERN INSPECTION,THRESHOLD VOLTAGE TEST,ANNEAL DIELECTRIC
valid_0136,CLEAN PAD OPENING,BACKSIDE GRIND,DEPOSIT BACKSIDE PROTECTION,EPITAXY ANNEAL,DEVELOP PAD WINDOW
valid_0137,MEASURE VIA CD,DEPOSIT BARRIER METAL,DEVELOP PHOTORESIST,OXIDE ETCH,PARAMETRIC TEST
valid_0138,PASSIVATION ETCH,PASSIVATION ETCH PAD OPENING,MEASURE DIELECTRIC THICKNESS,CLEAN PAD OPENING,POLYSILICON ETCH
valid_0139,CLEAN AFTER VIA ETCH,VIA INSPECTION,VIA OPENING INSPECTION,RAPID THERMAL ANNEAL,CLEAN AFTER METAL ETCH
valid_0140,STRIP PHOTORESIST,STRIP RESIST,STRIP RESIST LEVEL 2,BACKSIDE CLEAN,PARAMETRIC TEST
valid_0141,DEPOSIT BARRIER METAL,MEASURE VIA CD,MEASURE GATE CD,SWITCHING TEST,IMPLANT SOURCE DRAIN
valid_0142,STRIP PHOTORESIST,STRIP RESIST,STRIP RESIST LEVEL 2,BACKSIDE CLEAN,PRE ANNEAL CHECK
valid_0143,DEPOSIT METAL SEED,DEPOSIT TUNGSTEN SEED,FIELD PATTERN INSPECTION,ELECTRICAL PARAMETRIC TEST,MEASURE VIA CD
valid_0144,PASSIVATION ETCH,PASSIVATION ETCH PAD OPENING,ANNEAL METAL 1,PRE CLEAN WAFER,MEASURE DIELECTRIC THICKNESS
valid_0145,MEASURE VIA CD,DEPOSIT BARRIER METAL,DEVELOP PHOTORESIST,OXIDE ETCH,OXIDE ETCH DRY
valid_0146,PASSIVATION ETCH,PASSIVATION ETCH PAD OPENING,VIA INSPECTION,PRE CLEAN WAFER,VIA OPENING INSPECTION
valid_0147,MEASURE VIA CD,DEPOSIT BARRIER METAL,DEVELOP PHOTORESIST,OXIDE ETCH,OXIDE ETCH DRY
valid_0148,STRIP PHOTORESIST,STRIP RESIST,STRIP RESIST LEVEL 2,BACKSIDE CLEAN,PARAMETRIC TEST
valid_0149,MEASURE VIA CD,DEPOSIT BARRIER METAL,DEVELOP PHOTORESIST,OXIDE ETCH,THRESHOLD VOLTAGE TEST
valid_0150,STRIP PHOTORESIST,STRIP RESIST,STRIP RESIST LEVEL 2,PARAMETRIC TEST,BACKSIDE CLEAN
valid_0151,MEASURE VIA CD,DEPOSIT BARRIER METAL,DEVELOP PHOTORESIST,OXIDE ETCH,THRESHOLD VOLTAGE TEST
valid_0152,DEVELOP PHOTORESIST,DEVELOP PAD WINDOW,POST EXPOSE BAKE,MEASURE SHEET RESISTANCE,RAPID THERMAL ANNEAL
valid_0153,MEASURE VIA CD,DEPOSIT BARRIER METAL,OXIDE ETCH,DEVELOP PHOTORESIST,THRESHOLD VOLTAGE TEST
valid_0154,DEVELOP PHOTORESIST,DEVELOP PAD WINDOW,POST EXPOSE BAKE,SHIP LOT,MEASURE SHEET RESISTANCE
valid_0155,CLEAN AFTER VIA ETCH,VIA INSPECTION,VIA OPENING INSPECTION,OPEN BOND PAD WINDOW,CLEAN AFTER METAL ETCH
valid_0156,STRIP PHOTORESIST,STRIP RESIST,STRIP RESIST LEVEL 2,PARAMETRIC TEST,BACKSIDE CLEAN
valid_0157,DEPOSIT BARRIER METAL,MEASURE VIA CD,DEVELOP PHOTORESIST,SWITCHING TEST,MEASURE GATE CD
valid_0158,PASSIVATION ETCH,PASSIVATION ETCH PAD OPENING,MEASURE DIELECTRIC THICKNESS,CLEAN PAD OPENING,ALIGN MASK LEVEL 6
valid_0159,MEASURE VIA CD,DEPOSIT BARRIER METAL,DEVELOP PHOTORESIST,OXIDE ETCH,PARAMETRIC TEST
valid_0160,STRIP PHOTORESIST,STRIP RESIST,STRIP RESIST LEVEL 2,BACKSIDE CLEAN,PARAMETRIC TEST
valid_0161,STRIP PHOTORESIST,STRIP RESIST,STRIP RESIST LEVEL 2,BACKSIDE CLEAN,PARAMETRIC TEST
valid_0162,DEVELOP PAD WINDOW,DEVELOP PHOTORESIST,POST EXPOSE BAKE,MEASURE SHEET RESISTANCE,PAD WINDOW LITHO
valid_0163,MEASURE VIA CD,DEPOSIT BARRIER METAL,DEVELOP PHOTORESIST,OXIDE ETCH,PARAMETRIC TEST
valid_0164,STRIP PHOTORESIST,STRIP RESIST,STRIP RESIST LEVEL 2,BACKSIDE CLEAN,PARAMETRIC TEST
valid_0165,MEASURE VIA CD,DEPOSIT BARRIER METAL,DEVELOP PHOTORESIST,OXIDE ETCH,THRESHOLD VOLTAGE TEST
valid_0166,STRIP PHOTORESIST,STRIP RESIST,STRIP RESIST LEVEL 2,BACKSIDE CLEAN,PARAMETRIC TEST
valid_0167,DEPOSIT BARRIER METAL,MEASURE VIA CD,MEASURE GATE CD,DEVELOP PHOTORESIST,SWITCHING TEST
valid_0168,CLEAN PAD OPENING,BACKSIDE GRIND,DEPOSIT BACKSIDE PROTECTION,EPITAXY ANNEAL,CLEAN AFTER FIELD ETCH
valid_0169,STRIP RESIST,STRIP PHOTORESIST,STRIP RESIST LEVEL 2,BACKSIDE CLEAN,PARAMETRIC TEST
valid_0170,STRIP PHOTORESIST,STRIP RESIST,STRIP RESIST LEVEL 2,PARAMETRIC TEST,BACKSIDE CLEAN
valid_0171,DEPOSIT METAL SEED,DEPOSIT TUNGSTEN SEED,FIELD PATTERN INSPECTION,ELECTRICAL PARAMETRIC TEST,THRESHOLD VOLTAGE TEST
valid_0172,STRIP PHOTORESIST,STRIP RESIST,STRIP RESIST LEVEL 2,PARAMETRIC TEST,BACKSIDE CLEAN
valid_0173,MEASURE VIA CD,DEPOSIT BARRIER METAL,DEVELOP PHOTORESIST,OXIDE ETCH,OXIDE ETCH DRY
valid_0174,PASSIVATION ETCH,PASSIVATION ETCH PAD OPENING,VIA INSPECTION,VIA OPENING INSPECTION,PRE CLEAN WAFER
valid_0175,MEASURE VIA CD,DEPOSIT BARRIER METAL,DEVELOP PHOTORESIST,OXIDE ETCH,OXIDE ETCH DRY
valid_0176,STRIP PHOTORESIST,STRIP RESIST,STRIP RESIST LEVEL 2,PARAMETRIC TEST,BACKSIDE CLEAN
valid_0177,DEPOSIT METAL SEED,DEPOSIT TUNGSTEN SEED,ELECTRICAL PARAMETRIC TEST,FIELD PATTERN INSPECTION,MEASURE VIA CD
valid_0178,STRIP PHOTORESIST,STRIP RESIST,STRIP RESIST LEVEL 2,BACKSIDE CLEAN,PRE ANNEAL CHECK
valid_0179,FILL VIA METAL,PARAMETRIC TEST,MEASURE WAFER THICKNESS,MEASURE THICKNESS,FINAL PARTICLE INSPECTION
valid_0180,MEASURE PAD OPENING,MEASURE LINE WIDTH,DEPOSIT PASSIVATION,DEPOSIT PAD OXIDE,DEPOSIT PASSIVATION LAYER
valid_0181,STRIP PHOTORESIST,STRIP RESIST,STRIP RESIST LEVEL 2,BACKSIDE CLEAN,PARAMETRIC TEST
valid_0182,DEVELOP PHOTORESIST,DEVELOP PAD WINDOW,POST EXPOSE BAKE,SHIP LOT,PAD WINDOW LITHO
valid_0183,DEPOSIT BARRIER METAL,MEASURE VIA CD,IMPLANT N BUFFER,MEASURE GATE CD,IMPLANT N-TYPE
valid_0184,STRIP PHOTORESIST,STRIP RESIST,STRIP RESIST LEVEL 2,PARAMETRIC TEST,BACKSIDE CLEAN
valid_0185,DEPOSIT BARRIER METAL,MEASURE VIA CD,MEASURE GATE CD,SWITCHING TEST,IMPLANT N BUFFER
valid_0186,STRIP PHOTORESIST,STRIP RESIST,STRIP RESIST LEVEL 2,BACKSIDE CLEAN,PARAMETRIC TEST
valid_0187,STRIP RESIST,STRIP PHOTORESIST,STRIP RESIST LEVEL 2,BACKSIDE CLEAN,PARAMETRIC TEST
valid_0188,STRIP PHOTORESIST,STRIP RESIST,STRIP RESIST LEVEL 2,BACKSIDE CLEAN,PARAMETRIC TEST
valid_0189,MEASURE VIA CD,DEPOSIT BARRIER METAL,DEVELOP PHOTORESIST,OXIDE ETCH,OXIDE ETCH DRY
valid_0190,PASSIVATION ETCH,PASSIVATION ETCH PAD OPENING,MEASURE DIELECTRIC THICKNESS,MEASURE OXIDE QUALITY,POLYSILICON ETCH
valid_0191,VIA ETCH THROUGH DIELECTRIC,VIA ETCH,DIELECTRIC ETCH VIA,HARD BAKE,MEASURE SHEET RESISTANCE
valid_0192,STRIP PHOTORESIST,STRIP RESIST,STRIP RESIST LEVEL 2,PARAMETRIC TEST,BACKSIDE CLEAN
valid_0193,CLEAN AFTER VIA ETCH,VIA OPENING INSPECTION,VIA INSPECTION,CLEAN AFTER OXIDE ETCH,MEASURE OXIDE THICKNESS
valid_0194,PASSIVATION ETCH,PASSIVATION ETCH PAD OPENING,CMP VIA FILL,CMP METAL,ALIGN MASK LEVEL 6
valid_0195,MEASURE VIA CD,DEPOSIT BARRIER METAL,DEVELOP PHOTORESIST,OXIDE ETCH,PARAMETRIC TEST
valid_0196,CLEAN PAD OPENING,DEPOSIT BACKSIDE PROTECTION,DEVELOP PAD WINDOW,SPIN COAT PHOTORESIST,MEASURE SHEET RESISTANCE
valid_0197,STRIP PHOTORESIST,STRIP RESIST,STRIP RESIST LEVEL 2,PARAMETRIC TEST,BACKSIDE CLEAN
valid_0198,STRIP PHOTORESIST,STRIP RESIST,STRIP RESIST LEVEL 2,BACKSIDE CLEAN,PARAMETRIC TEST
valid_0199,MEASURE VIA CD,DEPOSIT BARRIER METAL,OXIDE ETCH,DEVELOP PHOTORESIST,PARAMETRIC TEST
valid_0200,STRIP PHOTORESIST,STRIP RESIST,STRIP RESIST LEVEL 2,BACKSIDE CLEAN,PARAMETRIC TEST
valid_0201,CMP DIELECTRIC,CMP INTERLAYER DIELECTRIC,MEASURE SURFACE PLANARITY,MEASURE PLANARITY,VIA OPENING INSPECTION
valid_0202,DEPOSIT PASSIVATION LAYER,DEPOSIT PASSIVATION,MEASURE LINE WIDTH,YIELD ANALYSIS,STRIP PHOTORESIST
valid_0203,SPIN COAT PHOTORESIST,MEASURE METAL THICKNESS,MEASURE POLY THICKNESS,MEASURE FILM THICKNESS,DEPOSIT FIELD OXIDE
valid_0204,DEPOSIT PASSIVATION LAYER,DEPOSIT PASSIVATION,MEASURE LINE WIDTH,STRIP PHOTORESIST,STRIP RESIST
valid_0205,SPIN COAT PHOTORESIST,MEASURE METAL THICKNESS,MEASURE FILM THICKNESS,MEASURE POLY THICKNESS,FINAL CLEAN
valid_0206,CURE PASSIVATION,POLYSILICON ANNEAL,MEASURE DIELECTRIC THICKNESS,MEASURE FILM THICKNESS,CMP METAL
valid_0207,CMP DIELECTRIC,CMP INTERLAYER DIELECTRIC,MEASURE PLANARITY,MEASURE SURFACE PLANARITY,METAL ETCH DRY
valid_0208,DEPOSIT PASSIVATION LAYER,DEPOSIT PASSIVATION,MEASURE LINE WIDTH,STRIP PHOTORESIST,STRIP RESIST
valid_0209,CMP DIELECTRIC,CMP INTERLAYER DIELECTRIC,MEASURE SURFACE PLANARITY,MEASURE PLANARITY,VIA ETCH
valid_0210,DEPOSIT PASSIVATION LAYER,DEPOSIT PASSIVATION,MEASURE LINE WIDTH,FINAL OXIDE CHECK,YIELD ANALYSIS
valid_0211,MEASURE PLANARITY,MEASURE SURFACE PLANARITY,CMP INTERLAYER DIELECTRIC,CMP DIELECTRIC,MEASURE JUNCTION PROFILE
valid_0212,DEPOSIT PASSIVATION LAYER,DEPOSIT PASSIVATION,MEASURE LINE WIDTH,YIELD ANALYSIS,FINAL OXIDE CHECK
valid_0213,SPIN COAT PHOTORESIST,MEASURE METAL THICKNESS,MEASURE POLY THICKNESS,MEASURE FILM THICKNESS,RCA CLEAN 1
valid_0214,CURE PASSIVATION,POLYSILICON ANNEAL,MEASURE PASSIVATION THICKNESS,WAFER SORT TEST,MEASURE PASSIVATION QUALITY
valid_0215,MEASURE SURFACE PLANARITY,MEASURE PLANARITY,ALIGN MASK LEVEL 5,DEPOSIT INTERLEVEL DIELECTRIC,MEASURE JUNCTION PROFILE
valid_0216,MEASURE PASSIVATION THICKNESS,MEASURE PASSIVATION QUALITY,MEASURE POLY THICKNESS,LEAKAGE TEST,THERMAL OXIDATION
valid_0217,CMP DIELECTRIC,CMP INTERLAYER DIELECTRIC,MEASURE PLANARITY,MEASURE SURFACE PLANARITY,METAL ETCH DRY
valid_0218,MEASURE LINE WIDTH,DEPOSIT PASSIVATION,DEPOSIT PASSIVATION LAYER,DENSIFY OXIDE,DENSIFY DIELECTRIC
valid_0219,SOFT BAKE,POLYSILICON ETCH,HARD BAKE,MEASURE WINDOW CD,ALIGN MASK LEVEL 3
valid_0220,MEASURE PASSIVATION THICKNESS,MEASURE PASSIVATION QUALITY,MEASURE INITIAL THICKNESS,THERMAL OXIDATION,MEASURE GATE CD
valid_0221,MEASURE PLANARITY,MEASURE SURFACE PLANARITY,CMP INTERLAYER DIELECTRIC,CMP DIELECTRIC,DEPOSIT INTERLEVEL DIELECTRIC
valid_0222,MEASURE PASSIVATION THICKNESS,MEASURE PASSIVATION QUALITY,THERMAL OXIDATION,MEASURE POLY THICKNESS,MEASURE INITIAL THICKNESS
valid_0223,MEASURE SURFACE PLANARITY,MEASURE PLANARITY,CMP INTERLAYER DIELECTRIC,ALIGN MASK LEVEL 5,CMP DIELECTRIC
valid_0224,CURE PASSIVATION,POLYSILICON ANNEAL,WAFER SORT TEST,MEASURE PASSIVATION THICKNESS,MEASURE PASSIVATION QUALITY
valid_0225,SPIN COAT PHOTORESIST,MEASURE METAL THICKNESS,MEASURE POLY THICKNESS,MEASURE FILM THICKNESS,CMP DIELECTRIC
valid_0226,CURE PASSIVATION,BACKSIDE GRIND,MEASURE METAL THICKNESS,LEAKAGE TEST,CLEAN AFTER METAL ETCH
valid_0227,MEASURE DIELECTRIC THICKNESS,MEASURE FILM THICKNESS,SPIN COAT PHOTORESIST,MEASURE OXIDE THICKNESS,MEASURE METAL THICKNESS
valid_0228,DEPOSIT PASSIVATION LAYER,DEPOSIT PASSIVATION,MEASURE LINE WIDTH,YIELD ANALYSIS,PARAMETRIC TEST
valid_0229,SPIN COAT PHOTORESIST,MEASURE METAL THICKNESS,MEASURE POLY THICKNESS,MEASURE FILM THICKNESS,DEPOSIT FIELD OXIDE
valid_0230,CURE PASSIVATION,CLEAN AFTER METAL ETCH,MEASURE FILM THICKNESS,OXIDE STRIP,BACKSIDE GRIND
valid_0231,DENSIFY OXIDE,DENSIFY DIELECTRIC,OPEN PAD WINDOW,MEASURE LINE WIDTH,OPEN BOND PAD WINDOW
valid_0232,MEASURE LINE WIDTH,DEPOSIT PASSIVATION,DEPOSIT PASSIVATION LAYER,DENSIFY OXIDE,DENSIFY DIELECTRIC
valid_0233,SOFT BAKE,ALIGN MASK LEVEL 3,HARD BAKE,MEASURE WINDOW CD,STRIP PHOTORESIST
valid_0234,CURE PASSIVATION,POLYSILICON ANNEAL,WAFER SORT TEST,MEASURE PASSIVATION THICKNESS,MEASURE PASSIVATION QUALITY
valid_0235,CMP INTERLAYER DIELECTRIC,CMP DIELECTRIC,MEASURE PLANARITY,MEASURE SURFACE PLANARITY,METAL ETCH DRY
valid_0236,MEASURE LINE WIDTH,DEPOSIT PASSIVATION LAYER,DEPOSIT PASSIVATION,DENSIFY OXIDE,DENSIFY DIELECTRIC
valid_0237,SPIN COAT PHOTORESIST,MEASURE METAL THICKNESS,MEASURE POLY THICKNESS,MEASURE FILM THICKNESS,DEPOSIT FIELD OXIDE
valid_0238,CURE PASSIVATION,CLEAN AFTER METAL ETCH,MEASURE METAL THICKNESS,BACKSIDE GRIND,SPIN COAT PHOTORESIST
valid_0239,MEASURE SURFACE PLANARITY,MEASURE PLANARITY,CMP INTERLAYER DIELECTRIC,CMP DIELECTRIC,PAD WINDOW LITHO
valid_0240,CURE PASSIVATION,CLEAN AFTER METAL ETCH,MEASURE FILM THICKNESS,LEAKAGE TEST,BACKSIDE GRIND
valid_0241,MEASURE DIELECTRIC THICKNESS,MEASURE FILM THICKNESS,MEASURE OXIDE THICKNESS,SPIN COAT PHOTORESIST,MEASURE METAL THICKNESS
valid_0242,CURE PASSIVATION,POLYSILICON ANNEAL,MEASURE PASSIVATION THICKNESS,WAFER SORT TEST,DEVELOP PHOTORESIST
valid_0243,CMP INTERLAYER DIELECTRIC,CMP DIELECTRIC,MEASURE PLANARITY,MEASURE SURFACE PLANARITY,METAL ETCH DRY
valid_0244,MEASURE LINE WIDTH,DEPOSIT PASSIVATION LAYER,DEPOSIT PASSIVATION,DENSIFY OXIDE,DENSIFY DIELECTRIC
valid_0245,SPIN COAT PHOTORESIST,MEASURE METAL THICKNESS,MEASURE POLY THICKNESS,MEASURE FILM THICKNESS,DEPOSIT FIELD OXIDE
valid_0246,MEASURE PASSIVATION THICKNESS,MEASURE PASSIVATION QUALITY,THERMAL OXIDATION,MEASURE INITIAL THICKNESS,MEASURE POLY THICKNESS
valid_0247,SPIN COAT PHOTORESIST,MEASURE METAL THICKNESS,MEASURE POLY THICKNESS,MEASURE FILM THICKNESS,DEPOSIT FIELD OXIDE
valid_0248,CURE PASSIVATION,CLEAN AFTER METAL ETCH,MEASURE FILM THICKNESS,BACKSIDE ETCH CLEAN,FILL VIA TUNGSTEN
valid_0249,SOFT BAKE,HARD BAKE,POLYSILICON ETCH,MEASURE WINDOW CD,ALIGN MASK LEVEL 3
valid_0250,CURE PASSIVATION,POLYSILICON ANNEAL,DEVELOP PHOTORESIST,WAFER SORT TEST,CMP METAL
valid_0251,MEASURE SURFACE PLANARITY,MEASURE PLANARITY,CMP INTERLAYER DIELECTRIC,CMP DIELECTRIC,LIGHT ANNEAL
valid_0252,MEASURE PASSIVATION QUALITY,MEASURE PASSIVATION THICKNESS,MEASURE INITIAL THICKNESS,WET CLEAN RCA2,RCA CLEAN 2
valid_0253,SPIN COAT PHOTORESIST,MEASURE METAL THICKNESS,MEASURE POLY THICKNESS,MEASURE FILM THICKNESS,DEPOSIT FIELD OXIDE
valid_0254,MEASURE PASSIVATION THICKNESS,MEASURE PASSIVATION QUALITY,THERMAL OXIDATION,MEASURE POLY THICKNESS,LEAKAGE TEST
valid_0255,MEASURE SURFACE PLANARITY,MEASURE PLANARITY,CMP INTERLAYER DIELECTRIC,CMP DIELECTRIC,BACKSIDE CLEAN
valid_0256,MEASURE PASSIVATION THICKNESS,MEASURE PASSIVATION QUALITY,MEASURE INITIAL THICKNESS,THERMAL OXIDATION,WET CLEAN RCA2
valid_0257,SPIN COAT PHOTORESIST,MEASURE METAL THICKNESS,MEASURE FILM THICKNESS,MEASURE POLY THICKNESS,CMP DIELECTRIC
valid_0258,CURE PASSIVATION,CLEAN AFTER METAL ETCH,MEASURE FILM THICKNESS,BACKSIDE ETCH CLEAN,BACKSIDE GRIND
valid_0259,MEASURE PLANARITY,MEASURE SURFACE PLANARITY,CMP INTERLAYER DIELECTRIC,CMP DIELECTRIC,LIGHT ANNEAL
valid_0260,CURE PASSIVATION,CMP METAL,WAFER SORT TEST,CMP VIA FILL,POLYSILICON ANNEAL
valid_0261,MEASURE SURFACE PLANARITY,MEASURE PLANARITY,CMP INTERLAYER DIELECTRIC,CMP DIELECTRIC,PAD WINDOW LITHO
valid_0262,CURE PASSIVATION,CLEAN AFTER METAL ETCH,MEASURE FILM THICKNESS,MEASURE METAL THICKNESS,BACKSIDE GRIND
valid_0263,CMP INTERLAYER DIELECTRIC,CMP DIELECTRIC,MEASURE PLANARITY,MEASURE SURFACE PLANARITY,METAL ETCH DRY
valid_0264,CURE PASSIVATION,MEASURE FILM THICKNESS,CLEAN AFTER METAL ETCH,MEASURE DIELECTRIC THICKNESS,FILL VIA TUNGSTEN
valid_0265,MEASURE FILM THICKNESS,MEASURE DIELECTRIC THICKNESS,SPIN COAT PHOTORESIST,MEASURE OXIDE THICKNESS,MEASURE METAL THICKNESS
valid_0266,CURE PASSIVATION,POLYSILICON ANNEAL,MEASURE DIELECTRIC THICKNESS,MEASURE FILM THICKNESS,CMP METAL
valid_0267,SOFT BAKE,HARD BAKE,POLYSILICON ETCH,WAFER SORT TEST,ALIGN MASK LEVEL 3
valid_0268,CURE PASSIVATION,POLYSILICON ANNEAL,WAFER SORT TEST,MEASURE PASSIVATION THICKNESS,MEASURE PASSIVATION QUALITY
valid_0269,SPIN COAT PHOTORESIST,MEASURE METAL THICKNESS,MEASURE POLY THICKNESS,MEASURE FILM THICKNESS,DEPOSIT FIELD OXIDE
valid_0270,MEASURE PASSIVATION THICKNESS,MEASURE PASSIVATION QUALITY,MEASURE INITIAL THICKNESS,MEASURE GATE CD,THERMAL OXIDATION
valid_0271,MEASURE SURFACE PLANARITY,MEASURE PLANARITY,CMP INTERLAYER DIELECTRIC,CMP DIELECTRIC,MEASURE JUNCTION PROFILE
valid_0272,CURE PASSIVATION,CLEAN AFTER METAL ETCH,MEASURE FILM THICKNESS,MEASURE DIELECTRIC THICKNESS,FILL VIA TUNGSTEN
valid_0273,MEASURE DIELECTRIC THICKNESS,MEASURE FILM THICKNESS,SPIN COAT PHOTORESIST,MEASURE OXIDE THICKNESS,METAL ETCH DRY
valid_0274,DEPOSIT PASSIVATION LAYER,DEPOSIT PASSIVATION,MEASURE LINE WIDTH,YIELD ANALYSIS,DENSIFY DIELECTRIC
valid_0275,SPIN COAT PHOTORESIST,MEASURE METAL THICKNESS,MEASURE POLY THICKNESS,MEASURE FILM THICKNESS,DEPOSIT FIELD OXIDE
valid_0276,CURE PASSIVATION,WAFER SORT TEST,POLYSILICON ANNEAL,MEASURE PASSIVATION THICKNESS,MEASURE PASSIVATION QUALITY
valid_0277,SPIN COAT PHOTORESIST,MEASURE METAL THICKNESS,MEASURE POLY THICKNESS,MEASURE FILM THICKNESS,DEPOSIT FIELD OXIDE
valid_0278,MEASURE PASSIVATION THICKNESS,MEASURE PASSIVATION QUALITY,BACKSIDE GRIND,THERMAL OXIDATION,MEASURE INITIAL THICKNESS
valid_0279,SPIN COAT PHOTORESIST,MEASURE METAL THICKNESS,MEASURE POLY THICKNESS,MEASURE FILM THICKNESS,DEPOSIT FIELD OXIDE
valid_0280,CURE PASSIVATION,DEVELOP PHOTORESIST,CMP METAL,WAFER SORT TEST,CMP VIA FILL
valid_0281,DENSIFY OXIDE,DENSIFY DIELECTRIC,OPEN PAD WINDOW,OPEN BOND PAD WINDOW,MEASURE LINE WIDTH
valid_0282,CLEAN AFTER METAL ETCH,GATE OXIDE PREP,CLEAN PAD OPENING,ALIGN MASK LEVEL 6,LEAKAGE TEST
valid_0283,MEASURE SURFACE PLANARITY,MEASURE PLANARITY,CMP INTERLAYER DIELECTRIC,CMP DIELECTRIC,MEASURE JUNCTION PROFILE
valid_0284,CURE PASSIVATION,CLEAN AFTER METAL ETCH,MEASURE FILM THICKNESS,MEASURE DIELECTRIC THICKNESS,SPIN COAT PHOTORESIST
valid_0285,MEASURE FILM THICKNESS,MEASURE DIELECTRIC THICKNESS,SPIN COAT PHOTORESIST,MEASURE OXIDE THICKNESS,MEASURE METAL THICKNESS
valid_0286,DEPOSIT PASSIVATION LAYER,DEPOSIT PASSIVATION,MEASURE LINE WIDTH,YIELD ANALYSIS,FINAL OXIDE CHECK
valid_0287,EXPOSE LITHO LEVEL 5,EPITAXY ANNEAL,MEASURE PASSIVATION QUALITY,CLEAN AFTER METAL ETCH,MEASURE PASSIVATION THICKNESS
valid_0288,MEASURE PASSIVATION THICKNESS,MEASURE PASSIVATION QUALITY,MEASURE INITIAL THICKNESS,THERMAL OXIDATION,MEASURE POLY THICKNESS
valid_0289,SPIN COAT PHOTORESIST,MEASURE METAL THICKNESS,MEASURE POLY THICKNESS,MEASURE FILM THICKNESS,DEPOSIT FIELD OXIDE
valid_0290,DEPOSIT PASSIVATION LAYER,DEPOSIT PASSIVATION,MEASURE LINE WIDTH,YIELD ANALYSIS,STRIP PHOTORESIST
valid_0291,SPIN COAT PHOTORESIST,MEASURE METAL THICKNESS,MEASURE POLY THICKNESS,MEASURE FILM THICKNESS,DEPOSIT FIELD OXIDE
valid_0292,CURE PASSIVATION,DEVELOP PHOTORESIST,POLYSILICON ANNEAL,CMP METAL,CMP VIA FILL
valid_0293,SPIN COAT PHOTORESIST,MEASURE METAL THICKNESS,MEASURE POLY THICKNESS,MEASURE FILM THICKNESS,DEPOSIT FIELD OXIDE
valid_0294,DEPOSIT PASSIVATION,DEPOSIT PASSIVATION LAYER,MEASURE LINE WIDTH,YIELD ANALYSIS,ELECTRICAL PARAMETRIC TEST
valid_0295,MEASURE SURFACE PLANARITY,MEASURE PLANARITY,CMP INTERLAYER DIELECTRIC,CMP DIELECTRIC,MEASURE JUNCTION PROFILE
valid_0296,CURE PASSIVATION,POLYSILICON ANNEAL,DEVELOP PHOTORESIST,WAFER SORT TEST,CMP METAL
valid_0297,MEASURE FILM THICKNESS,MEASURE DIELECTRIC THICKNESS,MEASURE OXIDE THICKNESS,SPIN COAT PHOTORESIST,MEASURE METAL THICKNESS
valid_0298,MEASURE LINE WIDTH,DEPOSIT PASSIVATION,DEPOSIT PASSIVATION LAYER,DENSIFY OXIDE,DENSIFY DIELECTRIC
valid_0299,MEASURE SURFACE PLANARITY,MEASURE PLANARITY,CMP INTERLAYER DIELECTRIC,CMP DIELECTRIC,DEPOSIT INTERLEVEL DIELECTRIC
valid_0300,CURE PASSIVATION,CLEAN AFTER METAL ETCH,MEASURE FILM THICKNESS,BACKSIDE GRIND,SPIN COAT PHOTORESIST
valid_0301,MEASURE SURFACE PLANARITY,MEASURE PLANARITY,CMP INTERLAYER DIELECTRIC,CMP DIELECTRIC,MEASURE JUNCTION PROFILE
valid_0302,CURE PASSIVATION,POLYSILICON ANNEAL,CMP METAL,MEASURE DIELECTRIC THICKNESS,CMP VIA FILL
valid_0303,MEASURE DIELECTRIC THICKNESS,MEASURE FILM THICKNESS,MEASURE OXIDE THICKNESS,SPIN COAT PHOTORESIST,METAL ETCH DRY
valid_0304,MEASURE LINE WIDTH,DEPOSIT PASSIVATION LAYER,DEPOSIT PASSIVATION,DENSIFY OXIDE,DENSIFY DIELECTRIC
valid_0305,SPIN COAT PHOTORESIST,MEASURE METAL THICKNESS,MEASURE POLY THICKNESS,MEASURE FILM THICKNESS,CMP DIELECTRIC
valid_0306,MEASURE PASSIVATION THICKNESS,MEASURE PASSIVATION QUALITY,THERMAL OXIDATION,WET CLEAN RCA2,MEASURE SURFACE UNIFORMITY
valid_0307,MEASURE SURFACE PLANARITY,MEASURE PLANARITY,ALIGN MASK LEVEL 5,CMP INTERLAYER DIELECTRIC,CMP DIELECTRIC
valid_0308,CURE PASSIVATION,POLYSILICON ANNEAL,WAFER SORT TEST,DEVELOP PHOTORESIST,CMP METAL
valid_0309,SPIN COAT PHOTORESIST,MEASURE METAL THICKNESS,MEASURE POLY THICKNESS,MEASURE FILM THICKNESS,DEPOSIT FIELD OXIDE
valid_0310,CURE PASSIVATION,POLYSILICON ANNEAL,MEASURE PASSIVATION THICKNESS,MEASURE PASSIVATION QUALITY,WAFER SORT TEST
valid_0311,MEASURE PLANARITY,MEASURE SURFACE PLANARITY,CMP INTERLAYER DIELECTRIC,CMP DIELECTRIC,MEASURE JUNCTION PROFILE
valid_0312,CURE PASSIVATION,POLYSILICON ANNEAL,MEASURE DIELECTRIC THICKNESS,CMP METAL,MEASURE FILM THICKNESS
valid_0313,CMP INTERLAYER DIELECTRIC,CMP DIELECTRIC,MEASURE SURFACE PLANARITY,MEASURE PLANARITY,SPIN COAT PHOTORESIST
valid_0314,DEPOSIT PASSIVATION,DEPOSIT PASSIVATION LAYER,MEASURE LINE WIDTH,STRIP PHOTORESIST,FINAL OXIDE CHECK
valid_0315,SPIN COAT PHOTORESIST,MEASURE METAL THICKNESS,MEASURE POLY THICKNESS,MEASURE FILM THICKNESS,DEPOSIT FIELD OXIDE
valid_0316,MEASURE LINE WIDTH,DEPOSIT PASSIVATION,DEPOSIT PASSIVATION LAYER,DENSIFY OXIDE,DRY WAFER
valid_0317,MEASURE FILM THICKNESS,MEASURE DIELECTRIC THICKNESS,SPIN COAT PHOTORESIST,MEASURE OXIDE THICKNESS,MEASURE METAL THICKNESS
valid_0318,MEASURE PASSIVATION THICKNESS,MEASURE PASSIVATION QUALITY,THERMAL OXIDATION,MEASURE INITIAL THICKNESS,MEASURE INITIAL GEOMETRY
valid_0319,MEASURE SURFACE PLANARITY,MEASURE PLANARITY,CMP INTERLAYER DIELECTRIC,CMP DIELECTRIC,ALIGN MASK LEVEL 5
valid_0320,CURE PASSIVATION,CLEAN AFTER METAL ETCH,MEASURE FILM THICKNESS,LEAKAGE TEST,BACKSIDE GRIND
valid_0321,SPIN COAT PHOTORESIST,MEASURE METAL THICKNESS,MEASURE POLY THICKNESS,MEASURE FILM THICKNESS,SWITCHING TEST
valid_0322,CURE PASSIVATION,CMP METAL,CMP VIA FILL,WAFER SORT TEST,POLYSILICON ANNEAL
valid_0323,SOFT BAKE,HARD BAKE,WAFER SORT TEST,POLYSILICON ETCH,ALIGN MASK LEVEL 3
valid_0324,OPEN PAD WINDOW,OPEN BOND PAD WINDOW,FINAL CLEAN,DENSIFY OXIDE,DENSIFY DIELECTRIC
valid_0325,CMP DIELECTRIC,CMP INTERLAYER DIELECTRIC,MEASURE SURFACE PLANARITY,MEASURE PLANARITY,VIA ETCH
valid_0326,DEPOSIT PASSIVATION LAYER,DEPOSIT PASSIVATION,MEASURE LINE WIDTH,YIELD ANALYSIS,STRIP PHOTORESIST
valid_0327,SPIN COAT PHOTORESIST,MEASURE METAL THICKNESS,MEASURE POLY THICKNESS,MEASURE FILM THICKNESS,DEPOSIT FIELD OXIDE
valid_0328,CURE PASSIVATION,POLYSILICON ANNEAL,MEASURE PASSIVATION THICKNESS,WAFER SORT TEST,MEASURE PASSIVATION QUALITY
valid_0329,MEASURE PLANARITY,MEASURE SURFACE PLANARITY,CMP INTERLAYER DIELECTRIC,CMP DIELECTRIC,MEASURE JUNCTION PROFILE
valid_0330,MEASURE PASSIVATION THICKNESS,MEASURE PASSIVATION QUALITY,THERMAL OXIDATION,MEASURE POLY THICKNESS,LEAKAGE TEST
valid_0331,MEASURE SURFACE PLANARITY,MEASURE PLANARITY,CMP DIELECTRIC,LIGHT ANNEAL,CMP INTERLAYER DIELECTRIC
valid_0332,CURE PASSIVATION,CLEAN AFTER METAL ETCH,BACKSIDE GRIND,MEASURE METAL THICKNESS,MEASURE FILM THICKNESS
valid_0333,DENSIFY OXIDE,DENSIFY DIELECTRIC,OPEN PAD WINDOW,OPEN BOND PAD WINDOW,MEASURE LINE WIDTH
valid_0334,MEASURE LINE WIDTH,DEPOSIT PASSIVATION LAYER,DEPOSIT PASSIVATION,DENSIFY OXIDE,DENSIFY DIELECTRIC
valid_0335,CMP DIELECTRIC,CMP INTERLAYER DIELECTRIC,MEASURE SURFACE PLANARITY,MEASURE PLANARITY,VIA OPENING INSPECTION
valid_0336,MEASURE PASSIVATION THICKNESS,MEASURE PASSIVATION QUALITY,THERMAL OXIDATION,MEASURE INITIAL THICKNESS,MEASURE POLY THICKNESS
valid_0337,CMP INTERLAYER DIELECTRIC,CMP DIELECTRIC,METAL ETCH DRY,MEASURE SURFACE PLANARITY,MEASURE PLANARITY
valid_0338,DEPOSIT PASSIVATION LAYER,DEPOSIT PASSIVATION,MEASURE LINE WIDTH,YIELD ANALYSIS,WAFER SORT TEST
valid_0339,SOFT BAKE,ALIGN MASK LEVEL 3,POLYSILICON ETCH,WAFER SORT TEST,MEASURE WINDOW CD
valid_0340,CURE PASSIVATION,CLEAN AFTER METAL ETCH,MEASURE FILM THICKNESS,BACKSIDE GRIND,MEASURE METAL THICKNESS
valid_0341,SPIN COAT PHOTORESIST,MEASURE METAL THICKNESS,MEASURE POLY THICKNESS,MEASURE FILM THICKNESS,RCA CLEAN 1
valid_0342,OPEN PAD WINDOW,OPEN BOND PAD WINDOW,FINAL CLEAN,DENSIFY OXIDE,CLEAN AFTER POLY ETCH
valid_0343,SPIN COAT PHOTORESIST,MEASURE METAL THICKNESS,MEASURE POLY THICKNESS,MEASURE FILM THICKNESS,DEPOSIT FIELD OXIDE
valid_0344,MEASURE PASSIVATION THICKNESS,MEASURE PASSIVATION QUALITY,MEASURE INITIAL THICKNESS,MEASURE POLY THICKNESS,THERMAL OXIDATION
valid_0345,SPIN COAT PHOTORESIST,MEASURE METAL THICKNESS,MEASURE POLY THICKNESS,MEASURE FILM THICKNESS,DEPOSIT FIELD OXIDE
valid_0346,MEASURE PASSIVATION THICKNESS,MEASURE PASSIVATION QUALITY,BACKSIDE GRIND,THERMAL OXIDATION,MEASURE INITIAL THICKNESS
valid_0347,CMP DIELECTRIC,CMP INTERLAYER DIELECTRIC,MEASURE SURFACE PLANARITY,MEASURE PLANARITY,VIA OPENING INSPECTION
valid_0348,DEPOSIT PASSIVATION LAYER,DEPOSIT PASSIVATION,MEASURE LINE WIDTH,STRIP PHOTORESIST,YIELD ANALYSIS
valid_0349,DEPOSIT INTERLAYER DIELECTRIC,DEPOSIT INTERLEVEL DIELECTRIC,MEASURE DEVICE PARAMETER,MEASURE JUNCTION PROFILE,MEASURE SHEET RESISTANCE
valid_0350,CLEAN AFTER METAL ETCH,CLEAN PAD OPENING,BACKSIDE GRIND,METAL PATTERN INSPECTION,DEPOSIT METAL SEED
valid_0351,CMP DIELECTRIC,CMP INTERLAYER DIELECTRIC,MEASURE SURFACE PLANARITY,MEASURE PLANARITY,VIA OPENING INSPECTION
valid_0352,DEPOSIT PASSIVATION LAYER,DEPOSIT PASSIVATION,MEASURE LINE WIDTH,PARAMETRIC TEST,ELECTRICAL PARAMETRIC TEST
valid_0353,ALIGN MASK LEVEL 5,VIA INSPECTION,VIA OPENING INSPECTION,SHIP LOT,ALIGN MASK LEVEL 6
valid_0354,CURE PASSIVATION,POLYSILICON ANNEAL,MEASURE DIELECTRIC THICKNESS,MEASURE FILM THICKNESS,WAFER SORT TEST
valid_0355,SPIN COAT PHOTORESIST,MEASURE METAL THICKNESS,MEASURE POLY THICKNESS,MEASURE FILM THICKNESS,DEPOSIT FIELD OXIDE
valid_0356,MEASURE LINE WIDTH,DEPOSIT PASSIVATION LAYER,DEPOSIT PASSIVATION,DENSIFY OXIDE,DENSIFY DIELECTRIC
valid_0357,MEASURE SURFACE PLANARITY,MEASURE PLANARITY,CMP INTERLAYER DIELECTRIC,CMP DIELECTRIC,LIGHT ANNEAL
valid_0358,CURE PASSIVATION,MEASURE FILM THICKNESS,CLEAN AFTER METAL ETCH,MEASURE DIELECTRIC THICKNESS,MEASURE METAL THICKNESS
valid_0359,SPIN COAT PHOTORESIST,MEASURE METAL THICKNESS,MEASURE POLY THICKNESS,MEASURE FILM THICKNESS,DEPOSIT FIELD OXIDE
valid_0360,CURE PASSIVATION,CMP METAL,CMP VIA FILL,POLYSILICON ANNEAL,DEVELOP PHOTORESIST
valid_0361,SPIN COAT PHOTORESIST,MEASURE METAL THICKNESS,MEASURE POLY THICKNESS,MEASURE FILM THICKNESS,DEPOSIT FIELD OXIDE
valid_0362,CURE PASSIVATION,POLYSILICON ANNEAL,MEASURE PASSIVATION THICKNESS,MEASURE PASSIVATION QUALITY,WAFER SORT TEST
valid_0363,MEASURE DIELECTRIC THICKNESS,MEASURE FILM THICKNESS,SPIN COAT PHOTORESIST,MEASURE OXIDE THICKNESS,MEASURE METAL THICKNESS
valid_0364,MEASURE LINE WIDTH,DEPOSIT PASSIVATION LAYER,DEPOSIT PASSIVATION,DENSIFY OXIDE,DENSIFY DIELECTRIC
valid_0365,ALIGN MASK LEVEL 5,VIA INSPECTION,VIA OPENING INSPECTION,SHIP LOT,ALIGN MASK LEVEL 6
valid_0366,DEPOSIT PASSIVATION LAYER,DEPOSIT PASSIVATION,MEASURE LINE WIDTH,FINAL OXIDE CHECK,PARAMETRIC TEST
valid_0367,MEASURE SURFACE PLANARITY,MEASURE PLANARITY,CMP INTERLAYER DIELECTRIC,CMP DIELECTRIC,VIA ETCH
valid_0368,MEASURE PASSIVATION THICKNESS,MEASURE PASSIVATION QUALITY,MEASURE INITIAL THICKNESS,MEASURE POLY THICKNESS,THERMAL OXIDATION
valid_0369,SPIN COAT PHOTORESIST,MEASURE METAL THICKNESS,MEASURE POLY THICKNESS,MEASURE FILM THICKNESS,FINAL CLEAN
valid_0370,CURE PASSIVATION,MEASURE FILM THICKNESS,BACKSIDE GRIND,CLEAN AFTER METAL ETCH,SPIN COAT PHOTORESIST
valid_0371,CMP DIELECTRIC,CMP INTERLAYER DIELECTRIC,MEASURE SURFACE PLANARITY,MEASURE PLANARITY,VIA OPENING INSPECTION
valid_0372,DEPOSIT PASSIVATION LAYER,DEPOSIT PASSIVATION,MEASURE LINE WIDTH,STRIP PHOTORESIST,STRIP RESIST
valid_0373,SPIN COAT PHOTORESIST,MEASURE METAL THICKNESS,MEASURE POLY THICKNESS,MEASURE FILM THICKNESS,DEPOSIT FIELD OXIDE
valid_0374,CURE PASSIVATION,CLEAN AFTER METAL ETCH,MEASURE FILM THICKNESS,MEASURE METAL THICKNESS,MEASURE DIELECTRIC THICKNESS
valid_0375,MEASURE DEVICE PARAMETER,DEPOSIT INTERLEVEL DIELECTRIC,DEPOSIT INTERLAYER DIELECTRIC,MEASURE JUNCTION PROFILE,MEASURE SHEET RESISTANCE
valid_0376,CLEAN AFTER METAL ETCH,GATE OXIDE PREP,CLEAN PAD OPENING,ALIGN MASK LEVEL 6,LOT IDENTIFICATION
valid_0377,CMP DIELECTRIC,CMP INTERLAYER DIELECTRIC,MEASURE PLANARITY,MEASURE SURFACE PLANARITY,METAL ETCH DRY
valid_0378,CURE PASSIVATION,MEASURE FILM THICKNESS,CLEAN AFTER METAL ETCH,MEASURE DIELECTRIC THICKNESS,LEAKAGE TEST
valid_0379,SPIN COAT PHOTORESIST,MEASURE METAL THICKNESS,MEASURE FILM THICKNESS,MEASURE POLY THICKNESS,CMP DIELECTRIC
valid_0380,MEASURE PASSIVATION THICKNESS,MEASURE PASSIVATION QUALITY,MEASURE INITIAL THICKNESS,LEAKAGE TEST,THERMAL OXIDATION
valid_0381,MEASURE DIELECTRIC THICKNESS,MEASURE FILM THICKNESS,MEASURE OXIDE THICKNESS,SPIN COAT PHOTORESIST,METAL ETCH DRY
valid_0382,MEASURE LINE WIDTH,DEPOSIT PASSIVATION LAYER,DEPOSIT PASSIVATION,DENSIFY OXIDE,DENSIFY DIELECTRIC
valid_0383,SOFT BAKE,HARD BAKE,POLYSILICON ETCH,CMP VIA FILL,MEASURE WINDOW CD
valid_0384,MEASURE PASSIVATION QUALITY,MEASURE PASSIVATION THICKNESS,MEASURE INITIAL THICKNESS,THERMAL OXIDATION,MEASURE POLY THICKNESS
valid_0385,MEASURE SURFACE PLANARITY,MEASURE PLANARITY,CMP INTERLAYER DIELECTRIC,CMP DIELECTRIC,LIGHT ANNEAL
valid_0386,CURE PASSIVATION,LEAKAGE TEST,MEASURE FILM THICKNESS,CLEAN AFTER METAL ETCH,OXIDE STRIP
valid_0387,ALIGN MASK LEVEL 5,VIA INSPECTION,VIA OPENING INSPECTION,ALIGN MASK LEVEL 6,SHIP LOT
valid_0388,CURE PASSIVATION,MEASURE FILM THICKNESS,LEAKAGE TEST,MEASURE DIELECTRIC THICKNESS,CLEAN AFTER METAL ETCH
valid_0389,MEASURE PLANARITY,MEASURE SURFACE PLANARITY,CMP INTERLAYER DIELECTRIC,CMP DIELECTRIC,LIGHT ANNEAL
valid_0390,CURE PASSIVATION,CLEAN AFTER METAL ETCH,MEASURE FILM THICKNESS,BACKSIDE ETCH CLEAN,MEASURE DIELECTRIC THICKNESS
valid_0391,SPIN COAT PHOTORESIST,MEASURE METAL THICKNESS,MEASURE POLY THICKNESS,MEASURE FILM THICKNESS,FINAL CLEAN
valid_0392,DEPOSIT PASSIVATION LAYER,DEPOSIT PASSIVATION,MEASURE LINE WIDTH,STRIP PHOTORESIST,FINAL OXIDE CHECK
valid_0393,MEASURE PLANARITY,MEASURE SURFACE PLANARITY,CMP INTERLAYER DIELECTRIC,CMP DIELECTRIC,BACKSIDE CLEAN
valid_0394,CURE PASSIVATION,MEASURE FILM THICKNESS,CLEAN AFTER METAL ETCH,MEASURE DIELECTRIC THICKNESS,WET CLEAN RCA2
valid_0395,SPIN COAT PHOTORESIST,MEASURE METAL THICKNESS,MEASURE POLY THICKNESS,MEASURE FILM THICKNESS,CMP DIELECTRIC
valid_0396,MEASURE PASSIVATION THICKNESS,MEASURE PASSIVATION QUALITY,THERMAL OXIDATION,MEASURE INITIAL THICKNESS,MEASURE POLY THICKNESS
valid_0397,CMP DIELECTRIC,CMP INTERLAYER DIELECTRIC,MEASURE SURFACE PLANARITY,MEASURE PLANARITY,VIA ETCH
valid_0398,CURE PASSIVATION,POLYSILICON ANNEAL,MEASURE DIELECTRIC THICKNESS,CMP METAL,MEASURE FILM THICKNESS
valid_0399,MEASURE SURFACE PLANARITY,MEASURE PLANARITY,CMP INTERLAYER DIELECTRIC,CMP DIELECTRIC,VIA ETCH
valid_0400,DEPOSIT PASSIVATION LAYER,DEPOSIT PASSIVATION,MEASURE LINE WIDTH,FINAL OXIDE CHECK,YIELD ANALYSIS
valid_0401,DEPOSIT TUNGSTEN SEED,STRIP RESIST,STRIP PHOTORESIST,MEASURE CD LEVEL 2,IMPLANT N-TYPE
valid_0402,PASSIVATION ETCH PAD OPENING,PASSIVATION ETCH,CLEAN PAD OPENING,MEASURE DIELECTRIC THICKNESS,POLYSILICON ETCH
valid_0403,MEASURE VIA CD,DEPOSIT BARRIER METAL,OXIDE ETCH,THRESHOLD VOLTAGE TEST,PRE ANNEAL CHECK
valid_0404,PASSIVATION ETCH PAD OPENING,PASSIVATION ETCH,CLEAN PAD OPENING,POLYSILICON ETCH,MEASURE DIELECTRIC THICKNESS
valid_0405,MEASURE VIA CD,DEPOSIT BARRIER METAL,DEVELOP PHOTORESIST,OXIDE ETCH DRY,OXIDE ETCH
valid_0406,MEASURE PASSIVATION THICKNESS,MEASURE PASSIVATION QUALITY,THERMAL OXIDATION,WET CLEAN RCA2,MEASURE GATE CD
valid_0407,STRIP PHOTORESIST,STRIP RESIST,STRIP RESIST LEVEL 2,PARAMETRIC TEST,DEPOSIT PASSIVATION
valid_0408,MEASURE PASSIVATION THICKNESS,MEASURE PASSIVATION QUALITY,THERMAL OXIDATION,MEASURE GATE CD,MEASURE POLY THICKNESS
valid_0409,STRIP RESIST,STRIP PHOTORESIST,STRIP RESIST LEVEL 2,BACKSIDE CLEAN,PARAMETRIC TEST
valid_0410,OPEN PAD WINDOW,OPEN BOND PAD WINDOW,FINAL CLEAN,METAL PATTERN INSPECTION,SWITCHING TEST
valid_0411,CLEAN AFTER VIA ETCH,CLEAN AFTER OXIDE ETCH,VIA OPENING INSPECTION,VIA INSPECTION,CLEAN AFTER FIELD ETCH
valid_0412,OPEN PAD WINDOW,OPEN BOND PAD WINDOW,FINAL CLEAN,FINAL OXIDE CHECK,CLEAN AFTER VIA ETCH
valid_0413,STRIP PHOTORESIST,STRIP RESIST,STRIP RESIST LEVEL 2,PARAMETRIC TEST,DEPOSIT PASSIVATION
valid_0414,MEASURE PASSIVATION THICKNESS,MEASURE PASSIVATION QUALITY,THERMAL OXIDATION,WET CLEAN RCA2,MEASURE GATE CD
valid_0415,CLEAN AFTER VIA ETCH,VIA INSPECTION,RAPID THERMAL ANNEAL,VIA OPENING INSPECTION,PRE ANNEAL CHECK
valid_0416,DEVELOP PHOTORESIST,DEVELOP PAD WINDOW,POST EXPOSE BAKE,MEASURE SHEET RESISTANCE,PAD WINDOW LITHO
valid_0417,CLEAN AFTER VIA ETCH,VIA INSPECTION,VIA OPENING INSPECTION,RAPID THERMAL ANNEAL,BREAKDOWN VOLTAGE TEST
valid_0418,PASSIVATION ETCH,PASSIVATION ETCH PAD OPENING,POLYSILICON ETCH,MEASURE DIELECTRIC THICKNESS,VIA INSPECTION
valid_0419,STRIP PHOTORESIST,STRIP RESIST,STRIP RESIST LEVEL 2,PARAMETRIC TEST,DEPOSIT PASSIVATION
valid_0420,CURE PASSIVATION,OXIDE STRIP,LEAKAGE TEST,CLEAN AFTER METAL ETCH,WET CLEAN RCA2
valid_0421,DEPOSIT TUNGSTEN SEED,STRIP RESIST,STRIP PHOTORESIST,MEASURE CD LEVEL 2,MEASURE SHEET RESISTANCE
valid_0422,PASSIVATION ETCH,PASSIVATION ETCH PAD OPENING,MEASURE DIELECTRIC THICKNESS,CLEAN PAD OPENING,POLYSILICON ETCH
valid_0423,MEASURE VIA CD,DEPOSIT BARRIER METAL,OXIDE ETCH,OXIDE ETCH DRY,DEVELOP PHOTORESIST
valid_0424,OPEN BOND PAD WINDOW,OPEN PAD WINDOW,FINAL CLEAN,CLEAN AFTER POLY ETCH,FRONTSIDE CLEAN FINAL
valid_0425,CLEAN AFTER VIA ETCH,VIA INSPECTION,VIA OPENING INSPECTION,BREAKDOWN VOLTAGE TEST,RAPID THERMAL ANNEAL
valid_0426,OPEN PAD WINDOW LITHO,PAD WINDOW LITHO,FINAL ELECTRICAL TEST PREP,MEASURE PLANARITY,DEPOSIT POLYSILICON
valid_0427,CLEAN AFTER VIA ETCH,VIA OPENING INSPECTION,VIA INSPECTION,POST EXPOSE BAKE,DEVELOP PHOTORESIST
valid_0428,OPEN PAD WINDOW,OPEN BOND PAD WINDOW,FINAL CLEAN,FRONTSIDE CLEAN FINAL,FINAL OXIDE CHECK
valid_0429,STRIP PHOTORESIST,STRIP RESIST,STRIP RESIST LEVEL 2,BACKSIDE CLEAN,PARAMETRIC TEST
valid_0430,OPEN PAD WINDOW LITHO,PAD WINDOW LITHO,FINAL ELECTRICAL TEST PREP,MEASURE PLANARITY,DEVELOP PAD WINDOW
valid_0431,MEASURE VIA CD,DEPOSIT BARRIER METAL,OXIDE ETCH,OXIDE ETCH DRY,RCA CLEAN 2
valid_0432,PAD WINDOW LITHO,OPEN PAD WINDOW LITHO,FINAL ELECTRICAL TEST PREP,DEVELOP PAD WINDOW,FINAL PARTICLE INSPECTION
valid_0433,STRIP PHOTORESIST,STRIP RESIST,STRIP RESIST LEVEL 2,PARAMETRIC TEST,BACKSIDE CLEAN
valid_0434,DEVELOP PHOTORESIST,DEVELOP PAD WINDOW,POST EXPOSE BAKE,SHIP LOT,MEASURE SHEET RESISTANCE
valid_0435,DEPOSIT BARRIER METAL,MEASURE VIA CD,IMPLANT N BUFFER,MEASURE GATE CD,SWITCHING TEST
valid_0436,OPEN PAD WINDOW LITHO,PAD WINDOW LITHO,FINAL ELECTRICAL TEST PREP,FINAL PARTICLE INSPECTION,IMPLANT LDD
valid_0437,CLEAN AFTER VIA ETCH,VIA OPENING INSPECTION,VIA INSPECTION,CLEAN AFTER OXIDE ETCH,RAPID THERMAL ANNEAL
valid_0438,PAD WINDOW LITHO,OPEN PAD WINDOW LITHO,FINAL ELECTRICAL TEST PREP,FINAL PARTICLE INSPECTION,DEVELOP PAD WINDOW
valid_0439,CLEAN AFTER VIA ETCH,VIA OPENING INSPECTION,VIA INSPECTION,CLEAN AFTER OXIDE ETCH,BREAKDOWN VOLTAGE TEST
valid_0440,OPEN PAD WINDOW LITHO,PAD WINDOW LITHO,FINAL ELECTRICAL TEST PREP,FINAL PARTICLE INSPECTION,HARD BAKE
valid_0441,STRIP PHOTORESIST,STRIP RESIST,STRIP RESIST LEVEL 2,PARAMETRIC TEST,FINAL PARTICLE INSPECTION
valid_0442,OPEN BOND PAD WINDOW,OPEN PAD WINDOW,FINAL CLEAN,DEPOSIT METAL 1,DEPOSIT TOP METAL
valid_0443,DEPOSIT BARRIER METAL,MEASURE VIA CD,SWITCHING TEST,IMPLANT N BUFFER,IMPLANT N-TYPE
valid_0444,OPEN PAD WINDOW,OPEN BOND PAD WINDOW,FINAL CLEAN,CLEAN AFTER VIA ETCH,FINAL OXIDE CHECK
valid_0445,CLEAN AFTER VIA ETCH,RAPID THERMAL ANNEAL,VIA INSPECTION,ALIGN MASK LEVEL 2,POLYSILICON ETCH DRY
valid_0446,OPEN PAD WINDOW,OPEN BOND PAD WINDOW,FINAL CLEAN,CLEAN AFTER POLY ETCH,FRONTSIDE CLEAN FINAL
valid_0447,CLEAN AFTER VIA ETCH,VIA INSPECTION,VIA OPENING INSPECTION,CLEAN AFTER OXIDE ETCH,RAPID THERMAL ANNEAL
valid_0448,DEVELOP PHOTORESIST,DEVELOP PAD WINDOW,POST EXPOSE BAKE,MEASURE SHEET RESISTANCE,SHIP LOT
valid_0449,CLEAN AFTER VIA ETCH,VIA INSPECTION,VIA OPENING INSPECTION,RAPID THERMAL ANNEAL,BREAKDOWN VOLTAGE TEST
valid_0450,OPEN PAD WINDOW LITHO,PAD WINDOW LITHO,DEVELOP PAD WINDOW,SHIP LOT,FINAL ELECTRICAL TEST PREP
valid_0451,MEASURE VIA CD,DEPOSIT BARRIER METAL,OXIDE ETCH DRY,OXIDE ETCH,DEVELOP PHOTORESIST
valid_0452,DEVELOP PHOTORESIST,DEVELOP PAD WINDOW,POST EXPOSE BAKE,MEASURE SHEET RESISTANCE,PAD WINDOW LITHO
valid_0453,MEASURE VIA CD,DEPOSIT BARRIER METAL,OXIDE ETCH,DEVELOP PHOTORESIST,PARAMETRIC TEST
valid_0454,PAD WINDOW LITHO,OPEN PAD WINDOW LITHO,FINAL ELECTRICAL TEST PREP,DEVELOP PAD WINDOW,FINAL PARTICLE INSPECTION
valid_0455,DEPOSIT BARRIER METAL,MEASURE VIA CD,IMPLANT N BUFFER,FINAL ELECTRICAL TEST PREP,SWITCHING TEST
valid_0456,DEVELOP PHOTORESIST,DEVELOP PAD WINDOW,POST EXPOSE BAKE,PAD WINDOW LITHO,OPEN PAD WINDOW LITHO
valid_0457,STRIP RESIST,STRIP PHOTORESIST,STRIP RESIST LEVEL 2,BACKSIDE CLEAN,PARAMETRIC TEST
valid_0458,MEASURE PASSIVATION THICKNESS,MEASURE PASSIVATION QUALITY,THERMAL OXIDATION,WET CLEAN RCA2,RCA CLEAN 2
valid_0459,HARD BAKE,DIELECTRIC ETCH VIA,VIA ETCH,VIA ETCH THROUGH DIELECTRIC,POLYSILICON ETCH DRY
valid_0460,MEASURE PASSIVATION THICKNESS,MEASURE PASSIVATION QUALITY,THERMAL OXIDATION,FINAL ELECTRICAL TEST PREP,MEASURE POLY THICKNESS
valid_0461,MEASURE VIA CD,DEPOSIT BARRIER METAL,OXIDE ETCH,DEVELOP PHOTORESIST,OXIDE ETCH DRY
valid_0462,OPEN PAD WINDOW LITHO,PAD WINDOW LITHO,FINAL ELECTRICAL TEST PREP,MEASURE PLANARITY,FRONTSIDE CLEAN FINAL
valid_0463,MEASURE VIA CD,DEPOSIT BARRIER METAL,OXIDE ETCH,PARAMETRIC TEST,CMP METAL
valid_0464,OPEN PAD WINDOW LITHO,PAD WINDOW LITHO,FINAL ELECTRICAL TEST PREP,DEPOSIT POLYSILICON,MEASURE PLANARITY
valid_0465,HARD BAKE,DIELECTRIC ETCH VIA,VIA ETCH,VIA ETCH THROUGH DIELECTRIC,METAL ETCH DRY
valid_0466,CURE PASSIVATION,OXIDE STRIP,LEAKAGE TEST,CLEAN AFTER METAL ETCH,ETCH SILICON OR OXIDE WINDOW
valid_0467,CLEAN AFTER VIA ETCH,VIA OPENING INSPECTION,VIA INSPECTION,CLEAN AFTER OXIDE ETCH,BREAKDOWN VOLTAGE TEST
valid_0468,OPEN BOND PAD WINDOW,OPEN PAD WINDOW,FINAL CLEAN,CLEAN AFTER POLY ETCH,DENSIFY OXIDE
valid_0469,CLEAN AFTER VIA ETCH,CLEAN AFTER OXIDE ETCH,VIA INSPECTION,VIA OPENING INSPECTION,RAPID THERMAL ANNEAL
valid_0470,OPEN BOND PAD WINDOW,OPEN PAD WINDOW,FINAL CLEAN,FINAL OXIDE CHECK,SWITCHING TEST
valid_0471,DEPOSIT BARRIER METAL,MEASURE VIA CD,DEVELOP PHOTORESIST,SWITCHING TEST,IMPLANT N BUFFER
valid_0472,PASSIVATION ETCH PAD OPENING,PASSIVATION ETCH,MEASURE DIELECTRIC THICKNESS,ETCH SILICON OR OXIDE WINDOW,CMP VIA FILL
valid_0473,STRIP RESIST,STRIP PHOTORESIST,STRIP RESIST LEVEL 2,BACKSIDE CLEAN,PARAMETRIC TEST
valid_0474,MEASURE PASSIVATION THICKNESS,MEASURE PASSIVATION QUALITY,THERMAL OXIDATION,MEASURE INITIAL THICKNESS,MEASURE GATE CD
valid_0475,VIA ETCH,DIELECTRIC ETCH VIA,VIA ETCH THROUGH DIELECTRIC,HARD BAKE,OXIDE ETCH DRY
valid_0476,MEASURE PASSIVATION THICKNESS,MEASURE PASSIVATION QUALITY,THERMAL OXIDATION,MEASURE INITIAL THICKNESS,WET CLEAN RCA2
valid_0477,CLEAN AFTER VIA ETCH,VIA OPENING INSPECTION,VIA INSPECTION,RAPID THERMAL ANNEAL,MEASURE OXIDE THICKNESS
valid_0478,OPEN PAD WINDOW,OPEN BOND PAD WINDOW,FINAL CLEAN,CLEAN AFTER POLY ETCH,FRONTSIDE CLEAN FINAL
valid_0479,CLEAN AFTER VIA ETCH,VIA INSPECTION,VIA OPENING INSPECTION,RAPID THERMAL ANNEAL,CLEAN AFTER OXIDE ETCH
valid_0480,OPEN PAD WINDOW LITHO,PAD WINDOW LITHO,FINAL ELECTRICAL TEST PREP,FINAL PARTICLE INSPECTION,DEPOSIT POLYSILICON
valid_0481,MEASURE VIA CD,DEPOSIT BARRIER METAL,OXIDE ETCH,RCA CLEAN 2,WET CLEAN RCA2
valid_0482,OPEN PAD WINDOW,OPEN BOND PAD WINDOW,FINAL CLEAN,CLEAN AFTER VIA ETCH,IMPLANT LDD
valid_0483,DEPOSIT TUNGSTEN SEED,STRIP RESIST,STRIP PHOTORESIST,MEASURE CD LEVEL 2,IMPLANT N-TYPE
valid_0484,DEVELOP PHOTORESIST,DEVELOP PAD WINDOW,POST EXPOSE BAKE,MEASURE SHEET RESISTANCE,RAPID THERMAL ANNEAL
valid_0485,DEPOSIT BARRIER METAL,MEASURE VIA CD,SWITCHING TEST,IMPLANT N BUFFER,DEVELOP PHOTORESIST
valid_0486,DEVELOP PHOTORESIST,DEVELOP PAD WINDOW,POST EXPOSE BAKE,MEASURE SHEET RESISTANCE,PAD WINDOW LITHO
valid_0487,CLEAN AFTER VIA ETCH,CLEAN AFTER OXIDE ETCH,VIA OPENING INSPECTION,VIA INSPECTION,RAPID THERMAL ANNEAL
valid_0488,MEASURE PASSIVATION THICKNESS,MEASURE PASSIVATION QUALITY,THERMAL OXIDATION,MEASURE GATE CD,WET CLEAN RCA2
valid_0489,CLEAN AFTER VIA ETCH,VIA OPENING INSPECTION,VIA INSPECTION,CLEAN AFTER OXIDE ETCH,BREAKDOWN VOLTAGE TEST
valid_0490,OPEN PAD WINDOW,OPEN BOND PAD WINDOW,FINAL CLEAN,CLEAN AFTER POLY ETCH,DENSIFY OXIDE
valid_0491,STRIP PHOTORESIST,STRIP RESIST,STRIP RESIST LEVEL 2,BACKSIDE CLEAN,PARAMETRIC TEST
valid_0492,OPEN PAD WINDOW LITHO,PAD WINDOW LITHO,FINAL ELECTRICAL TEST PREP,HARD BAKE,DEVELOP PAD WINDOW
valid_0493,MEASURE VIA CD,DEPOSIT BARRIER METAL,OXIDE ETCH,PARAMETRIC TEST,THRESHOLD VOLTAGE TEST
valid_0494,PAD WINDOW LITHO,OPEN PAD WINDOW LITHO,FINAL PARTICLE INSPECTION,FINAL ELECTRICAL TEST PREP,IMPLANT LDD
valid_0495,CLEAN AFTER VIA ETCH,VIA INSPECTION,VIA OPENING INSPECTION,RAPID THERMAL ANNEAL,CLEAN AFTER OXIDE ETCH
valid_0496,MEASURE PASSIVATION THICKNESS,MEASURE PASSIVATION QUALITY,THERMAL OXIDATION,ETCH SILICON OR OXIDE WINDOW,MEASURE POLY THICKNESS
valid_0497,MEASURE VIA CD,DEPOSIT BARRIER METAL,OXIDE ETCH,WET CLEAN RCA2,RCA CLEAN 2
valid_0498,DEVELOP PHOTORESIST,DEVELOP PAD WINDOW,POST EXPOSE BAKE,PAD WINDOW LITHO,MEASURE SHEET RESISTANCE
valid_0499,CLEAN AFTER VIA ETCH,VIA INSPECTION,VIA OPENING INSPECTION,RAPID THERMAL ANNEAL,PRE ANNEAL CHECK
valid_0500,OPEN PAD WINDOW LITHO,PAD WINDOW LITHO,FINAL ELECTRICAL TEST PREP,DEVELOP PAD WINDOW,MEASURE PLANARITY
valid_0501,CLEAN AFTER VIA ETCH,VIA OPENING INSPECTION,VIA INSPECTION,CLEAN AFTER OXIDE ETCH,BREAKDOWN VOLTAGE TEST
valid_0502,OPEN PAD WINDOW LITHO,PAD WINDOW LITHO,FINAL PARTICLE INSPECTION,FINAL ELECTRICAL TEST PREP,DEVELOP PAD WINDOW
valid_0503,DEPOSIT BARRIER METAL,MEASURE VIA CD,SWITCHING TEST,IMPLANT N BUFFER,MEASURE GATE CD
valid_0504,PASSIVATION ETCH PAD OPENING,PASSIVATION ETCH,MEASURE DIELECTRIC THICKNESS,POLYSILICON ETCH,ANNEAL METAL 1
valid_0505,STRIP RESIST,STRIP PHOTORESIST,STRIP RESIST LEVEL 2,PARAMETRIC TEST,PRE ANNEAL CHECK
valid_0506,CURE PASSIVATION,POLYSILICON ANNEAL,WAFER SORT TEST,OPEN BOND PAD WINDOW,OPEN PAD WINDOW
valid_0507,STRIP PHOTORESIST,STRIP RESIST,STRIP RESIST LEVEL 2,PARAMETRIC TEST,BACKSIDE CLEAN
valid_0508,DEVELOP PHOTORESIST,DEVELOP PAD WINDOW,POST EXPOSE BAKE,MEASURE SHEET RESISTANCE,RAPID THERMAL ANNEAL
valid_0509,CLEAN AFTER VIA ETCH,VIA INSPECTION,VIA OPENING INSPECTION,RAPID THERMAL ANNEAL,DEPOSIT INTERLEVEL DIELECTRIC
valid_0510,MEASURE PASSIVATION THICKNESS,MEASURE PASSIVATION QUALITY,THERMAL OXIDATION,CLEAN AFTER METAL ETCH,MEASURE INITIAL THICKNESS
valid_0511,DIELECTRIC ETCH VIA,VIA ETCH THROUGH DIELECTRIC,VIA ETCH,HARD BAKE,ETCH SILICON OR OXIDE WINDOW
valid_0512,OPEN BOND PAD WINDOW,OPEN PAD WINDOW,FINAL CLEAN,FINAL OXIDE CHECK,IMPLANT LDD
valid_0513,MEASURE VIA CD,DEPOSIT BARRIER METAL,DEVELOP PHOTORESIST,PRE ANNEAL CHECK,OXIDE ETCH
valid_0514,OPEN PAD WINDOW LITHO,PAD WINDOW LITHO,FINAL ELECTRICAL TEST PREP,FINAL PARTICLE INSPECTION,HARD BAKE
valid_0515,MEASURE VIA CD,DEPOSIT BARRIER METAL,OXIDE ETCH,OXIDE ETCH DRY,DEVELOP PHOTORESIST
valid_0516,PAD WINDOW LITHO,OPEN PAD WINDOW LITHO,DEVELOP PAD WINDOW,FINAL ELECTRICAL TEST PREP,SHIP LOT
valid_0517,MEASURE VIA CD,DEPOSIT BARRIER METAL,OXIDE ETCH,DEVELOP PHOTORESIST,OXIDE ETCH DRY
valid_0518,DEVELOP PHOTORESIST,DEVELOP PAD WINDOW,POST EXPOSE BAKE,MEASURE SHEET RESISTANCE,PAD WINDOW LITHO
valid_0519,MEASURE VIA CD,DEPOSIT BARRIER METAL,OXIDE ETCH,OXIDE ETCH DRY,WET CLEAN RCA2
valid_0520,OPEN PAD WINDOW LITHO,PAD WINDOW LITHO,FINAL ELECTRICAL TEST PREP,DEVELOP PAD WINDOW,HARD BAKE
valid_0521,MEASURE VIA CD,DEPOSIT BARRIER METAL,DEVELOP PHOTORESIST,OXIDE ETCH DRY,OXIDE ETCH
valid_0522,DEVELOP PAD WINDOW,DEVELOP PHOTORESIST,POST EXPOSE BAKE,MEASURE SHEET RESISTANCE,SHIP LOT
valid_0523,STRIP PHOTORESIST,STRIP RESIST,STRIP RESIST LEVEL 2,PARAMETRIC TEST,BACKSIDE CLEAN
valid_0524,OPEN PAD WINDOW,OPEN BOND PAD WINDOW,FINAL CLEAN,FINAL OXIDE CHECK,IMPLANT LDD
valid_0525,MEASURE VIA CD,DEPOSIT BARRIER METAL,OXIDE ETCH,PARAMETRIC TEST,PRE ANNEAL CHECK
valid_0526,DEVELOP PAD WINDOW,DEVELOP PHOTORESIST,POST EXPOSE BAKE,MEASURE SHEET RESISTANCE,RAPID THERMAL ANNEAL
valid_0527,DEPOSIT BARRIER METAL,MEASURE VIA CD,IMPLANT N BUFFER,MEASURE CD LEVEL 1,FINAL ELECTRICAL TEST PREP
valid_0528,OPEN PAD WINDOW LITHO,PAD WINDOW LITHO,FINAL ELECTRICAL TEST PREP,MEASURE PLANARITY,PRE ANNEAL CHECK
valid_0529,CLEAN AFTER VIA ETCH,DEVELOP PAD WINDOW,DEVELOP PHOTORESIST,CLEAN AFTER OXIDE ETCH,RAPID THERMAL ANNEAL
valid_0530,CURE PASSIVATION,LEAKAGE TEST,OXIDE STRIP,BACKSIDE GRIND,SPIN COAT PHOTORESIST
valid_0531,DEPOSIT BARRIER METAL,MEASURE VIA CD,SWITCHING TEST,IMPLANT N BUFFER,DEVELOP PHOTORESIST
valid_0532,PASSIVATION ETCH,PASSIVATION ETCH PAD OPENING,MEASURE DIELECTRIC THICKNESS,CLEAN PAD OPENING,POLYSILICON ETCH
valid_0533,DEPOSIT TUNGSTEN SEED,STRIP RESIST,STRIP PHOTORESIST,MEASURE SHEET RESISTANCE,MEASURE SURFACE PLANARITY
valid_0534,PASSIVATION ETCH,PASSIVATION ETCH PAD OPENING,POLYSILICON ETCH,CLEAN PAD OPENING,MEASURE DIELECTRIC THICKNESS
valid_0535,DEPOSIT BARRIER METAL,MEASURE VIA CD,IMPLANT N BUFFER,MEASURE WINDOW CD,SWITCHING TEST
valid_0536,PASSIVATION ETCH,PASSIVATION ETCH PAD OPENING,MEASURE DIELECTRIC THICKNESS,MEASURE OXIDE QUALITY,CMP VIA FILL
valid_0537,MEASURE VIA CD,DEPOSIT BARRIER METAL,DEVELOP PHOTORESIST,OXIDE ETCH,PARAMETRIC TEST
valid_0538,DEVELOP PHOTORESIST,DEVELOP PAD WINDOW,POST EXPOSE BAKE,PAD WINDOW LITHO,OPEN PAD WINDOW LITHO
valid_0539,STRIP PHOTORESIST,STRIP RESIST,STRIP RESIST LEVEL 2,PARAMETRIC TEST,DEPOSIT PASSIVATION
valid_0540,OPEN BOND PAD WINDOW,OPEN PAD WINDOW,FINAL CLEAN,FRONTSIDE CLEAN FINAL,CLEAN AFTER POLY ETCH
valid_0541,STRIP PHOTORESIST,STRIP RESIST,STRIP RESIST LEVEL 2,PARAMETRIC TEST,BACKSIDE CLEAN
valid_0542,OPEN BOND PAD WINDOW,OPEN PAD WINDOW,FINAL CLEAN,CLEAN AFTER POLY ETCH,SWITCHING TEST
valid_0543,MEASURE VIA CD,DEPOSIT BARRIER METAL,OXIDE ETCH,OXIDE ETCH DRY,DEVELOP PHOTORESIST
valid_0544,OPEN BOND PAD WINDOW,OPEN PAD WINDOW,FINAL CLEAN,CLEAN AFTER POLY ETCH,FRONTSIDE CLEAN FINAL
valid_0545,DEPOSIT BARRIER METAL,MEASURE VIA CD,MEASURE GATE CD,SWITCHING TEST,DEVELOP PHOTORESIST
valid_0546,DEVELOP PHOTORESIST,DEVELOP PAD WINDOW,POST EXPOSE BAKE,SHIP LOT,PAD WINDOW LITHO
valid_0547,CLEAN AFTER VIA ETCH,VIA OPENING INSPECTION,VIA INSPECTION,CLEAN AFTER OXIDE ETCH,BREAKDOWN VOLTAGE TEST
valid_0548,DEVELOP PAD WINDOW,DEVELOP PHOTORESIST,POST EXPOSE BAKE,PAD WINDOW LITHO,MEASURE SHEET RESISTANCE
valid_0549,DEPOSIT TUNGSTEN SEED,STRIP RESIST,STRIP PHOTORESIST,MEASURE CD LEVEL 2,IMPLANT N-TYPE
valid_0550,PASSIVATION ETCH PAD OPENING,PASSIVATION ETCH,MEASURE DIELECTRIC THICKNESS,CLEAN PAD OPENING,VIA INSPECTION
valid_0551,CLEAN AFTER VIA ETCH,VIA INSPECTION,VIA OPENING INSPECTION,CLEAN AFTER OXIDE ETCH,BREAKDOWN VOLTAGE TEST
valid_0552,OPEN PAD WINDOW LITHO,PAD WINDOW LITHO,FINAL ELECTRICAL TEST PREP,FINAL PARTICLE INSPECTION,HARD BAKE
valid_0553,MEASURE VIA CD,DEPOSIT BARRIER METAL,DEVELOP PHOTORESIST,OXIDE ETCH,RCA CLEAN 2
valid_0554,OPEN PAD WINDOW LITHO,PAD WINDOW LITHO,FINAL ELECTRICAL TEST PREP,DEVELOP PAD WINDOW,MEASURE PLANARITY
valid_0555,VIA ETCH THROUGH DIELECTRIC,DIELECTRIC ETCH VIA,VIA ETCH,HARD BAKE,CMP INTERLAYER DIELECTRIC
valid_0556,OPEN BOND PAD WINDOW,OPEN PAD WINDOW,FINAL CLEAN,FINAL OXIDE CHECK,SWITCHING TEST
valid_0557,MEASURE VIA CD,DEPOSIT BARRIER METAL,OXIDE ETCH DRY,OXIDE ETCH,DEVELOP PHOTORESIST
valid_0558,DEVELOP PHOTORESIST,DEVELOP PAD WINDOW,POST EXPOSE BAKE,SHIP LOT,PAD WINDOW LITHO
valid_0559,MEASURE VIA CD,DEPOSIT BARRIER METAL,OXIDE ETCH,OXIDE ETCH DRY,PARAMETRIC TEST
valid_0560,PAD WINDOW LITHO,OPEN PAD WINDOW LITHO,PRE ANNEAL CHECK,FINAL ELECTRICAL TEST PREP,DEVELOP PAD WINDOW
valid_0561,STRIP PHOTORESIST,STRIP RESIST,STRIP RESIST LEVEL 2,BACKSIDE CLEAN,PRE ANNEAL CHECK
valid_0562,OPEN PAD WINDOW,OPEN BOND PAD WINDOW,FINAL CLEAN,FINAL OXIDE CHECK,ANNEAL METAL 1
valid_0563,CLEAN AFTER VIA ETCH,VIA OPENING INSPECTION,VIA INSPECTION,CLEAN AFTER OXIDE ETCH,RAPID THERMAL ANNEAL
valid_0564,OPEN PAD WINDOW,OPEN BOND PAD WINDOW,FINAL CLEAN,CLEAN AFTER POLY ETCH,DENSIFY OXIDE
valid_0565,STRIP PHOTORESIST,STRIP RESIST,STRIP RESIST LEVEL 2,PARAMETRIC TEST,SHIP LOT
valid_0566,OPEN BOND PAD WINDOW,OPEN PAD WINDOW,FINAL CLEAN,CLEAN AFTER POLY ETCH,FRONTSIDE CLEAN FINAL
valid_0567,MEASURE VIA CD,DEPOSIT BARRIER METAL,OXIDE ETCH,OXIDE ETCH DRY,PRE ANNEAL CHECK
valid_0568,PAD WINDOW LITHO,OPEN PAD WINDOW LITHO,FINAL ELECTRICAL TEST PREP,MEASURE PLANARITY,DEPOSIT POLYSILICON
valid_0569,STRIP PHOTORESIST,STRIP RESIST,STRIP RESIST LEVEL 2,BACKSIDE CLEAN,PARAMETRIC TEST
valid_0570,DEVELOP PAD WINDOW,DEVELOP PHOTORESIST,POST EXPOSE BAKE,PAD WINDOW LITHO,OPEN PAD WINDOW LITHO
valid_0571,STRIP PHOTORESIST,STRIP RESIST,STRIP RESIST LEVEL 2,PARAMETRIC TEST,BACKSIDE CLEAN
valid_0572,OPEN BOND PAD WINDOW,OPEN PAD WINDOW,FINAL CLEAN,CLEAN AFTER POLY ETCH,DENSIFY DIELECTRIC
valid_0573,CLEAN AFTER VIA ETCH,VIA INSPECTION,VIA OPENING INSPECTION,RAPID THERMAL ANNEAL,PRE ANNEAL CHECK
valid_0574,OPEN PAD WINDOW,OPEN BOND PAD WINDOW,FINAL CLEAN,METAL PATTERN INSPECTION,FRONTSIDE CLEAN FINAL
valid_0575,MEASURE VIA CD,DEPOSIT BARRIER METAL,OXIDE ETCH,OXIDE ETCH DRY,DEVELOP PHOTORESIST
valid_0576,DEVELOP PHOTORESIST,DEVELOP PAD WINDOW,POST EXPOSE BAKE,MEASURE SHEET RESISTANCE,SHIP LOT
valid_0577,CLEAN AFTER VIA ETCH,VIA INSPECTION,CLEAN AFTER OXIDE ETCH,VIA OPENING INSPECTION,MEASURE RESISTIVITY
valid_0578,DEVELOP PAD WINDOW,DEVELOP PHOTORESIST,POST EXPOSE BAKE,SHIP LOT,MEASURE SHEET RESISTANCE
valid_0579,STRIP PHOTORESIST,STRIP RESIST,STRIP RESIST LEVEL 2,PRE ANNEAL CHECK,PARAMETRIC TEST
valid_0580,OPEN PAD WINDOW LITHO,PAD WINDOW LITHO,FINAL PARTICLE INSPECTION,FINAL ELECTRICAL TEST PREP,DEPOSIT POLYSILICON
valid_0581,CLEAN AFTER VIA ETCH,CLEAN AFTER OXIDE ETCH,VIA INSPECTION,VIA OPENING INSPECTION,BREAKDOWN VOLTAGE TEST
valid_0582,PAD WINDOW LITHO,OPEN PAD WINDOW LITHO,DEVELOP PAD WINDOW,FINAL ELECTRICAL TEST PREP,MEASURE PLANARITY
valid_0583,DIELECTRIC ETCH VIA,VIA ETCH THROUGH DIELECTRIC,VIA ETCH,HARD BAKE,OXIDE ETCH DRY
valid_0584,OPEN PAD WINDOW,OPEN BOND PAD WINDOW,FINAL CLEAN,FINAL OXIDE CHECK,DEPOSIT METAL 1
valid_0585,STRIP PHOTORESIST,STRIP RESIST,STRIP RESIST LEVEL 2,PARAMETRIC TEST,BACKSIDE CLEAN
valid_0586,OPEN PAD WINDOW LITHO,PAD WINDOW LITHO,FINAL ELECTRICAL TEST PREP,MEASURE SPACER WIDTH,FRONTSIDE CLEAN FINAL
valid_0587,STRIP RESIST,STRIP PHOTORESIST,STRIP RESIST LEVEL 2,SHIP LOT,BACKSIDE CLEAN
valid_0588,OPEN PAD WINDOW,OPEN BOND PAD WINDOW,FINAL CLEAN,FINAL OXIDE CHECK,METAL PATTERN INSPECTION
valid_0589,DEVELOP PHOTORESIST,POST EXPOSE BAKE,DEVELOP PAD WINDOW,SHIP LOT,CMP INTERLAYER DIELECTRIC
valid_0590,CURE PASSIVATION,DEVELOP PHOTORESIST,WAFER SORT TEST,CMP VIA FILL,CMP METAL
valid_0591,STRIP RESIST,STRIP PHOTORESIST,STRIP RESIST LEVEL 2,PARAMETRIC TEST,SHIP LOT
valid_0592,OPEN PAD WINDOW,OPEN BOND PAD WINDOW,FINAL CLEAN,FRONTSIDE CLEAN FINAL,CLEAN AFTER VIA ETCH
valid_0593,STRIP PHOTORESIST,STRIP RESIST,STRIP RESIST LEVEL 2,PARAMETRIC TEST,SHIP LOT
valid_0594,OPEN PAD WINDOW LITHO,PAD WINDOW LITHO,FINAL ELECTRICAL TEST PREP,DEVELOP PAD WINDOW,MEASURE PLANARITY
valid_0595,CLEAN AFTER VIA ETCH,VIA INSPECTION,VIA OPENING INSPECTION,CLEAN AFTER OXIDE ETCH,CLEAN AFTER METAL ETCH
valid_0596,DEVELOP PHOTORESIST,DEVELOP PAD WINDOW,POST EXPOSE BAKE,MEASURE SHEET RESISTANCE,PAD WINDOW LITHO
valid_0597,CLEAN AFTER VIA ETCH,VIA INSPECTION,VIA OPENING INSPECTION,CLEAN AFTER OXIDE ETCH,BREAKDOWN VOLTAGE TEST
valid_0598,OPEN BOND PAD WINDOW,OPEN PAD WINDOW,FINAL CLEAN,DEPOSIT METAL 1,DEPOSIT TOP METAL
valid_0599,CLEAN AFTER VIA ETCH,RAPID THERMAL ANNEAL,VIA INSPECTION,DEPOSIT INTERLEVEL DIELECTRIC,DEPOSIT INTERLAYER DIELECTRIC
valid_0600,OPEN PAD WINDOW LITHO,PAD WINDOW LITHO,FINAL ELECTRICAL TEST PREP,DEVELOP PAD WINDOW,FINAL PARTICLE INSPECTION
